group_column,age,salary,department
Jasmineside,21,57075.07,Sales
Port Robert,24,79362.89,Marketing
North Bethbury,18,117113.84,Sales
West Morganborough,21,53527.7,Marketing
Lake Shannonshire,26,78039.28,Marketing
North Christianchester,58,58030.04,Engineering
East Kimberly,33,71802.6,Finance
Beckyhaven,33,85078.0,Sales
Kellyberg,27,93893.81,Marketing
East Kristi,20,67819.45,Sales
Mitchellview,24,89707.68,Sales
Briannaborough,23,58133.46,Marketing
Lake Stephanie,57,76725.18,Sales
Earlstad,27,46539.55,Engineering
Wagnerview,36,85011.09,Sales
North Erinfort,54,69481.31,HR
Williamsview,18,81797.05,Marketing
Damonton,44,76600.9,Engineering
Amandaborough,24,89231.24,Sales
Lake Abigailport,40,69865.25,Finance
Port Kimberlybury,55,66660.65,Engineering
Lake Kellyshire,23,80195.41,Marketing
New Danielchester,41,65901.53,Marketing
North Erinfort,53,65917.47,Sales
Krystalchester,63,68076.3,Engineering
Greenfort,38,63139.02,Marketing
Lake Danaborough,40,90351.63,Marketing
Thomasport,47,57981.55,Marketing
Thomasstad,47,67332.09,Sales
Lake Earl,38,83129.19,Marketing
Davidstad,23,48346.21,Finance
Johnsonfort,28,61229.98,Finance
Johnsonfort,20,49980.22,Marketing
South Hollybury,47,92963.72,Marketing
Jonesfort,29,85283.27,Engineering
Lisafurt,19,63459.61,Sales
West Patricia,49,83529.18,Marketing
Savannahbury,33,69103.87,Marketing
North Donna,31,63257.82,Sales
East Bruceview,41,66422.05,Marketing
Amybury,37,78570.1,Sales
North Alecland,61,76303.72,Marketing
Smithview,32,94842.8,Sales
Lorettachester,28,62311.21,Engineering
Alanside,22,114727.58,Sales
South Amyside,53,63634.1,Sales
South Sydney,35,81179.42,HR
Davishaven,54,86781.02,Engineering
Hartmantown,59,79580.72,Marketing
Burtonfort,45,100229.48,Sales
Lake Lisaland,24,83905.24,Marketing
Wyattton,39,73322.85,Marketing
Bruceshire,22,71138.82,Engineering
Lorettachester,35,57544.69,HR
Evansborough,27,70933.28,Sales
North Aliciaville,29,84690.39,Marketing
Watsonview,48,57430.05,Sales
Port John,21,91010.33,Marketing
West Michealfurt,25,72114.25,Marketing
West Julia,27,75112.59,Sales
Brendachester,47,61792.41,Sales
Woodland,24,65700.9,Engineering
Ralphborough,21,98273.38,HR
Katherineview,23,77013.91,Engineering
Patrickborough,51,76502.52,Marketing
Michaelmouth,26,74299.09,Engineering
Davidsonfurt,19,95310.45,Marketing
Hickshaven,18,54735.19,HR
Jenniferview,26,95271.51,Sales
West Chad,28,69145.7,Marketing
East Rachel,60,87411.82,Sales
East Ana,18,87739.99,Marketing
East Wendy,32,95479.4,Marketing
Grahambury,21,53515.03,Marketing
Khanland,54,63692.0,Marketing
Rickyville,25,75983.33,Sales
South Susan,29,96459.04,Engineering
South Jimmy,44,61857.95,Marketing
Staffordfort,47,62388.6,Marketing
Jacquelinehaven,28,66321.74,Engineering
New Danielhaven,18,72932.75,Marketing
East Michael,32,76378.4,Engineering
North Carrieview,34,78040.43,Marketing
New Michael,19,81060.27,Engineering
Jeanneport,24,64064.61,Marketing
Colemanland,18,66389.84,HR
Williamton,38,65703.33,Sales
Harringtonshire,59,63716.58,Finance
Lake Shannonshire,63,83268.44,Marketing
East Ana,57,64341.59,Marketing
Nicholasstad,27,87827.5,Engineering
Mckeeton,33,59364.89,Engineering
Alanshire,54,57205.35,Marketing
East Kristen,63,85720.96,Marketing
Lucasburgh,54,62941.21,Sales
East Katherine,26,80839.07,Sales
Lucasmouth,48,83736.53,Finance
Johnsonview,44,78935.54,Sales
Mooreview,21,76428.91,Engineering
Sandrashire,28,76421.58,Marketing
Lorettachester,22,45300.24,Sales
Barrettside,22,38734.58,Sales
Lake Davidburgh,25,86529.48,Engineering
Morganland,26,82963.38,Sales
East Heather,31,96708.57,Marketing
Michaelmouth,47,34798.35,Marketing
South Harry,46,67281.39,Marketing
New Danielhaven,38,100572.93,Marketing
Lake Shannonshire,31,37896.42,HR
New Jameston,29,92061.37,Engineering
East John,65,100153.22,Marketing
North Sarahshire,26,68151.41,Sales
Sanchezburgh,31,44817.24,Finance
South Sean,43,55600.98,Marketing
Port Sarahtown,48,105460.03,Finance
South Denisechester,33,74782.42,Engineering
North Barbaraview,23,80920.57,Sales
Phillipland,64,72889.13,Marketing
East Keith,23,75627.98,Marketing
North Travis,37,96143.89,Finance
Jonesstad,55,87049.85,Engineering
Floresmouth,33,103449.27,Marketing
East Rhondashire,30,63800.51,Sales
Margaretview,42,83896.5,Sales
New Rachel,34,78088.67,Sales
Hernandezview,46,88028.17,Engineering
Lake Paul,19,55073.68,Marketing
Rodriguezberg,48,41696.46,Marketing
Davishaven,24,68694.77,Finance
Jasonmouth,28,81928.45,Finance
New Danielhaven,33,67430.14,Sales
Jeffreymouth,31,72242.26,Engineering
East Matthewfort,21,64912.89,Engineering
Alyssachester,24,93288.12,Marketing
Barrettside,41,78617.77,Marketing
Jonesborough,21,57565.01,Marketing
Savannahbury,39,57758.15,Marketing
Anthonyfurt,48,73051.47,Engineering
East Stacey,20,75650.66,Engineering
North Meghan,24,69292.41,HR
Lake Jessicahaven,61,75385.1,Marketing
Reidhaven,52,60771.7,Sales
Edwinburgh,46,69470.15,HR
South Glennborough,60,101473.59,Marketing
West Timothyburgh,24,56770.64,Marketing
Leebury,38,91470.57,Marketing
Port Paulastad,18,58063.83,Marketing
Jenniferview,43,43872.44,Engineering
West Gina,22,84243.89,Marketing
Payneborough,41,72164.15,Marketing
Flynnshire,64,72489.19,Marketing
Lake Sharon,41,76662.83,Engineering
Joton,64,56653.47,Engineering
Stokesbury,53,83229.37,Marketing
Port Tylertown,60,91657.27,Engineering
Cherryshire,21,66262.03,Sales
Port Darleneborough,60,52670.47,Finance
North Bruce,20,70263.11,Marketing
Garciatown,41,66250.41,Marketing
Amybury,29,86974.32,Marketing
Johnnyland,63,71082.08,Sales
Davidport,22,52214.09,Engineering
Davidstad,55,86995.58,Engineering
West Timothy,44,70722.05,Engineering
Hunterberg,26,104357.22,Sales
New Arielchester,22,98328.11,Engineering
Lake Andrewshire,46,81583.36,Marketing
Angelahaven,63,84291.09,Marketing
Montgomeryport,40,90764.47,Sales
Martinville,31,74180.75,Sales
Damonton,33,58043.82,Finance
Lake Jenniferborough,42,86824.52,Engineering
Morrishaven,26,78698.57,Marketing
Thomasborough,49,62004.1,Engineering
North Bethbury,43,61170.08,Marketing
Montgomeryshire,40,95054.35,HR
Jamesstad,21,79110.87,Marketing
Campbellhaven,25,83762.7,Marketing
New Michael,55,51150.23,Engineering
Kathryntown,37,78655.68,Engineering
South Natashafurt,53,76689.89,Marketing
Farrellburgh,28,73047.73,Marketing
Schmidttown,31,50761.94,Finance
Butlerstad,28,77002.36,Engineering
West Nicholasside,24,109627.1,Marketing
Timothybury,20,75054.54,Sales
Port Emilyhaven,58,71333.08,Marketing
Sarahland,28,90688.11,Sales
New Michael,31,88713.21,Marketing
Barbarahaven,55,96248.87,Sales
Staffordfort,33,74680.17,Engineering
Johnton,40,100216.92,Sales
West Gina,22,86371.22,Sales
Ericberg,29,76582.28,Engineering
Kimberlychester,34,86605.16,Engineering
Camposside,26,89816.68,Engineering
Michaelmouth,18,71060.65,Sales
Latoyastad,55,79607.55,Marketing
Briannaborough,34,69900.5,Sales
East Ryanborough,27,62311.86,Engineering
East Tiffany,51,71550.47,Marketing
Amandaborough,46,51222.11,Marketing
East Marymouth,35,71939.37,Sales
Port Jenniferbury,21,100802.61,Engineering
Hallshire,32,69949.59,Finance
North Scottborough,18,67513.8,Marketing
East Josephville,43,61237.87,Marketing
Lake Kaitlinport,58,96107.7,Sales
Sandrashire,35,68522.9,Marketing
Port John,25,74763.02,Sales
Weaverborough,53,79843.06,Engineering
Hernandezland,20,68664.03,Marketing
Briannaborough,52,67329.1,Engineering
North Shannontown,61,37459.3,Marketing
Lake Stephanie,45,63256.44,Sales
North Nicholasland,63,53027.53,Marketing
East Tammyshire,19,69973.19,Marketing
South David,49,81985.28,Marketing
Michaelmouth,63,84584.33,Sales
Lucasmouth,41,47118.24,Engineering
Markhaven,19,67906.84,Marketing
Lake Davidburgh,23,99888.31,Sales
South Sydney,21,47018.42,Engineering
New Brandon,34,66391.9,Sales
North Carrieview,52,51911.86,Marketing
Tiffanyburgh,48,105300.66,Marketing
Nancyburgh,44,61631.49,Sales
South Amyside,40,91834.94,Marketing
Greenfort,57,86586.64,Engineering
East John,25,91887.06,Engineering
East Kimberlyburgh,25,54085.18,Engineering
East Bobbystad,43,73622.31,Engineering
Debraside,38,67569.97,Engineering
West Taylor,26,73316.18,Marketing
Lake Kaitlinport,18,69546.37,HR
East Michael,27,71952.89,Marketing
Sanchezburgh,26,84157.67,Marketing
Johnsonview,65,72164.72,Engineering
North Jeffrey,30,79486.67,Finance
New Heather,34,66166.75,Marketing
Conwayville,35,72927.94,Sales
West Billyhaven,26,84651.42,Engineering
Matthewsbury,29,66591.49,Engineering
East Tiffany,38,62842.24,Marketing
Websterview,54,84996.06,Finance
Bruceshire,28,87469.43,Engineering
South Rachel,33,72648.28,Sales
Amandashire,26,76300.68,Marketing
Richardside,40,63014.82,Marketing
Richardfort,18,78132.32,Sales
East Matthewfort,18,75096.71,Finance
West Joshualand,21,100170.81,Sales
Darylland,43,72354.22,Marketing
South Tonyamouth,35,56958.22,Marketing
Leahstad,19,89584.68,Sales
Wardchester,49,67668.63,Engineering
Robertsville,18,85621.7,Engineering
Jenniferside,40,104151.23,Marketing
Lake Elizabeth,18,82209.6,Sales
South Barry,40,69273.35,Marketing
Floresfort,42,87716.28,Sales
West Nicole,26,74562.76,Engineering
Smithmouth,20,72150.92,Marketing
Johnton,62,65598.61,HR
Garciaton,33,53099.56,Engineering
West Robert,44,78427.03,Sales
East Peterburgh,20,69233.4,Marketing
Kiddbury,31,99566.7,Marketing
Brooksbury,60,63540.33,Engineering
Bryantport,61,106741.02,Marketing
Davishaven,41,49100.49,HR
East Crystal,26,62694.41,Sales
Robertsonberg,60,81412.64,Finance
Kimberlychester,32,74838.12,HR
South Amyside,23,83776.0,Sales
Wagnerview,61,84721.97,Engineering
Mirandaview,42,86795.78,Marketing
Turnerfurt,20,80110.5,Marketing
West Taylor,48,68415.46,Marketing
Port Jennifer,27,49143.63,Sales
Wardchester,30,61645.49,Finance
Timstad,49,41999.55,Marketing
Barrettside,37,85468.75,Finance
Rickyville,53,97319.94,Marketing
Port Erikbury,32,78226.63,HR
New Jessica,20,83096.18,Marketing
South Kimchester,24,70223.51,Marketing
North David,19,77653.88,Sales
Phyllisport,26,77403.47,Marketing
Makaylaberg,18,69324.79,Sales
East John,29,103493.22,Engineering
Josephfort,40,73051.27,Sales
Greenville,33,73403.2,Sales
Barbarahaven,21,47350.23,Marketing
Fuentesmouth,31,79896.51,HR
Franklinborough,25,70937.94,Marketing
Port John,44,81253.57,Sales
Garciaton,51,69832.63,Finance
Farrellburgh,44,83564.15,Engineering
Cooktown,54,84975.26,Engineering
New Brittany,44,96304.78,HR
East Sarah,21,80228.01,Engineering
North Danieltown,26,95102.52,Marketing
Alexanderview,38,69412.41,Finance
New Johnnystad,26,68239.45,Marketing
South Natashafurt,61,74317.66,Finance
Mirandaview,22,63089.32,HR
Lake Brianaborough,34,61209.25,Marketing
Lindseyfurt,29,65567.33,Marketing
East Heather,44,91791.0,Finance
North Geraldville,25,75182.69,Engineering
Stanleystad,48,52443.76,Engineering
North Christianchester,48,75928.29,Marketing
Johnsonshire,28,79919.96,Sales
Port Jenniferbury,58,66736.56,Marketing
East Michaelfurt,65,67118.41,Marketing
Alyssachester,24,82735.47,Marketing
Lake Kevinside,24,55845.79,Marketing
Thomasborough,18,67355.53,Engineering
Freemanmouth,31,60041.86,Finance
Davidtown,33,73706.23,Sales
Campbellhaven,44,63093.05,Sales
Estesport,26,70274.26,HR
Jonesstad,60,58191.2,Marketing
Lake Tara,44,57940.79,HR
Davishaven,20,44293.51,Sales
Caintown,36,30000.0,Marketing
Natashafort,55,54907.28,Engineering
West Chad,52,55506.33,Sales
South Phillipport,46,75203.0,Marketing
South Heather,24,52489.14,Engineering
Pamelaport,20,49499.42,Marketing
West Chad,46,56536.39,Marketing
North Anne,19,54591.95,Engineering
Mirandaview,50,69117.07,Sales
Heatherview,52,96624.66,Engineering
New Brittany,31,79548.81,Marketing
North Staceyhaven,51,68519.72,Marketing
Tonyaborough,25,87113.99,Marketing
Ericburgh,31,67720.19,Finance
Sandrashire,22,58816.85,Marketing
Kathryntown,46,74919.77,Marketing
Faulknerville,65,81071.09,Marketing
West Timothyburgh,62,86549.97,Marketing
Markburgh,27,70399.45,Engineering
North Meghan,26,115917.84,Marketing
Port Andrew,29,61261.16,Engineering
Camposside,23,86511.0,Finance
Schmidttown,21,70979.35,Sales
Carolland,53,82733.02,Marketing
Williamstad,22,76279.55,Sales
Katherineview,39,66958.01,Sales
Bennettside,24,77194.43,Engineering
Martinville,64,62591.39,Engineering
Edwinburgh,18,62084.69,Sales
Scottview,30,56007.86,Engineering
East Tiffany,56,76200.39,Sales
Paulmouth,18,85455.95,Marketing
Samanthaton,56,65009.99,Engineering
Lake Amandaview,36,59983.0,HR
South Taylor,32,90633.34,Engineering
New Heather,34,93598.51,Sales
South Heather,19,36387.55,Marketing
Carolynchester,19,59697.64,Marketing
Faulknerville,23,76654.34,Sales
North Sharonburgh,25,63345.02,Sales
Denisefurt,51,74690.97,Engineering
Katrinashire,40,78676.67,Engineering
Cherylmouth,36,62886.12,Marketing
New Sarahmouth,22,89250.29,Engineering
East Ana,38,69617.78,Marketing
North Scottborough,62,70601.35,Sales
Port Jesse,64,74512.0,Sales
Camposside,29,47460.86,Engineering
Khanland,43,88861.15,Engineering
South Amy,38,62883.69,Marketing
New Erin,48,74743.41,Engineering
Amandaborough,63,77035.69,Finance
Lake Brandiland,21,70372.97,Marketing
East Anneview,56,65652.0,Marketing
Michaelshire,41,70216.48,Sales
Bryantstad,36,74773.6,Sales
Port Cheryl,24,80564.05,Sales
Benjaminton,63,36925.13,Sales
North Carrieview,52,69628.09,Marketing
Brownburgh,29,72080.69,Marketing
Gregoryside,22,52433.17,Marketing
Krystalchester,58,44334.54,Marketing
East Rachel,51,88208.75,Engineering
Mooreview,34,65433.66,Marketing
Vasquezland,34,61548.34,Engineering
New Sheilastad,18,83627.57,Sales
Kaitlynfurt,22,86302.18,Engineering
North Sarahshire,23,86513.2,Engineering
Elliottborough,45,81372.44,Marketing
Johnsonfort,31,64162.9,Marketing
Kaitlynfurt,36,62355.88,Marketing
North Geraldville,29,83991.38,Marketing
North Bethbury,19,87253.23,Engineering
Kelleytown,28,67287.91,Sales
North Sarahshire,25,83759.6,Marketing
South Terranceberg,24,93269.42,Engineering
Josephfort,18,80971.21,Engineering
Benjaminstad,48,60623.0,Marketing
Herreraburgh,63,60774.07,Marketing
Richardfort,33,88699.29,Sales
Ericberg,21,64714.02,Marketing
East Vanessa,19,70105.33,Finance
Thomasborough,22,82820.78,Sales
South Jeremy,41,76824.97,Engineering
Kelleytown,40,78628.23,Marketing
Oliverton,39,72961.13,Marketing
Port Shaunfurt,21,66179.07,Engineering
West Sydney,24,55126.91,HR
New Aaron,26,60961.05,Marketing
Port Maryshire,29,72491.93,Engineering
West Sydney,51,71989.4,Marketing
Stokesbury,48,65224.87,Sales
Lake Paul,27,79169.95,Marketing
East Andrea,20,68620.81,Sales
South Barry,27,42540.02,Marketing
West Michaelmouth,48,96858.28,Engineering
Beckyhaven,55,66959.55,Marketing
Port Matthewport,26,87825.76,Marketing
Katherineview,20,48513.66,Engineering
Ronaldtown,22,62626.78,Engineering
Benjaminstad,40,58500.46,Engineering
Lake Lisaville,57,81530.2,Sales
Lake Linda,24,62605.42,Sales
Riveraside,29,71599.61,Marketing
Ericberg,32,90426.95,Sales
Vasquezport,52,99610.42,Marketing
Blackberg,36,66795.12,Sales
Jenniferfort,40,85771.09,Sales
Curtishaven,21,75827.79,Marketing
Poolemouth,53,76739.99,Engineering
Amandaborough,19,51601.33,Sales
East Stacey,39,87240.9,Marketing
Stanleystad,30,80214.48,Sales
Floresfort,22,85293.39,Engineering
Heatherview,25,92130.41,Engineering
Cooktown,65,76785.68,Sales
Kimberlystad,64,82886.4,Marketing
Lake Kellyshire,53,95994.52,Marketing
Lake Amandaview,32,73789.5,Marketing
Port Tylertown,50,100238.79,HR
Davishaven,20,84122.37,Sales
Lucasburgh,61,47197.08,Engineering
Andersonmouth,20,84398.65,Marketing
Staffordfort,42,99683.87,Sales
Williamton,25,71452.34,Marketing
Reevesburgh,24,70791.85,Sales
East Wendy,25,84225.69,Marketing
Thomasborough,34,78443.55,Engineering
Katherineview,32,67661.8,Marketing
Wyattton,50,71914.88,Marketing
Markhaven,23,65771.3,Sales
New Jameston,22,92853.81,Engineering
West Sydney,53,68685.35,Marketing
New Billy,42,75542.03,Marketing
Port Holly,37,93618.56,Sales
Benjaminton,23,71824.13,Sales
East Kristi,20,70821.02,Engineering
East Wendy,28,57020.43,Sales
Sarahville,21,91451.85,Engineering
Andreaport,26,79293.25,Sales
East Steven,34,63045.86,Sales
Dawnberg,19,76793.16,Finance
Timothyport,20,56003.32,Sales
New Jason,21,103365.25,Marketing
Scottmouth,48,93889.86,Marketing
Port Katieberg,54,72824.96,Marketing
East Stevenport,43,63191.14,Finance
Gutierrezshire,29,59468.65,Marketing
South Jasonland,49,84992.95,Engineering
East Rachel,47,73275.21,Marketing
Shannonfurt,43,89787.35,Marketing
South Williamview,63,95576.17,Marketing
East Michael,34,70421.28,Engineering
Shannonport,20,83778.24,Marketing
Barbarahaven,39,96554.84,Engineering
Port Meganstad,38,70149.07,HR
South Taylor,23,91614.72,Engineering
Alanshire,42,87232.67,Marketing
Atkinsfort,26,49630.5,Sales
South Sydney,52,75011.28,Engineering
Marieview,52,87698.64,Engineering
South Andrea,57,64576.54,Sales
Port Meganstad,19,47783.74,Marketing
Timstad,56,64307.94,Marketing
West Christopherburgh,35,66167.6,Marketing
Brendachester,31,85875.73,Marketing
Marystad,36,84588.76,Engineering
Lorettachester,25,70720.62,Marketing
East Anita,48,67542.54,Engineering
West Timothy,45,63902.16,Sales
Davidchester,28,44213.01,Sales
Patrickborough,38,80452.68,Engineering
East Lindseymouth,21,80287.49,Marketing
Amymouth,18,89105.86,Marketing
Darylland,18,108072.34,Engineering
Medinaport,30,95433.03,Engineering
North Bruce,21,56352.04,Marketing
Savannahbury,33,100251.11,Marketing
Debraside,60,67552.08,Sales
Michaelmouth,53,75575.63,Marketing
West Nicole,24,70807.93,Engineering
South Aaronbury,34,80567.61,HR
West Cindy,31,90579.6,Marketing
Tiffanyburgh,23,45060.78,Marketing
Michaelborough,34,83154.56,Marketing
West Patrickton,33,73145.24,Marketing
Port Sonia,46,80658.64,Marketing
North Shannontown,24,55131.37,Engineering
Quinnville,57,48947.71,Engineering
Brownburgh,43,85890.15,Sales
Davisville,24,101391.75,Sales
Jasmineside,22,80607.89,Marketing
Reidhaven,28,79036.76,Sales
Davidtown,54,75483.17,Sales
Heatherview,28,76980.34,Sales
Davidport,21,52361.85,Engineering
Mitchellburgh,26,77329.67,Marketing
North Carrieview,32,90865.45,Sales
Port Sarahtown,25,57146.98,Sales
East Matthewfort,21,80647.1,Marketing
Mckeeton,38,45740.03,Sales
North David,60,76313.79,Engineering
Port Roger,44,71651.21,Marketing
Bethstad,21,81845.26,Engineering
West Jeffrey,28,57182.9,Marketing
Johnsonview,36,81257.72,Sales
North Sarahshire,21,59034.64,Engineering
Lake Brandiland,22,64985.57,Marketing
Lucasburgh,30,79088.62,Marketing
West Gina,18,72989.0,Marketing
Loriton,54,80285.07,Engineering
Zacharychester,23,74875.0,Sales
Grahambury,62,77154.8,Marketing
Lake Veronicabury,27,85311.09,Marketing
Michaelmouth,24,75767.36,Engineering
Campbellhaven,30,89952.83,Marketing
Josephfort,22,84495.24,Sales
Tiffanyfurt,30,59281.99,Marketing
Anthonyfurt,25,73216.46,Marketing
West Morganborough,21,79862.75,Finance
East Lindseymouth,60,51913.62,Marketing
Vasquezport,19,71772.23,Finance
Woodland,63,55635.87,Engineering
Calebmouth,18,67336.86,Engineering
Martinville,27,71815.27,Sales
North Peterfurt,20,67181.31,Engineering
North Timothy,26,91749.3,Marketing
East Marymouth,57,80534.13,Marketing
Phillipland,45,97656.19,Sales
Lake Abigailport,19,90288.81,Sales
West Morganborough,48,63451.39,Engineering
Pamelaport,21,79336.68,Sales
Hilltown,19,90117.69,Engineering
North Lisafort,48,73597.45,Finance
New Rebecca,57,82434.67,Marketing
Davidton,29,70037.66,Engineering
Harringtonshire,27,60866.61,Sales
Annachester,21,62487.54,Engineering
Nancyburgh,22,103100.75,Marketing
Scottmouth,32,88063.52,Marketing
Davisville,37,64328.95,Engineering
New Markville,34,103270.02,Sales
Charlesbury,21,74935.5,Marketing
New Theresa,19,81222.59,Marketing
Rogersview,60,72818.46,Marketing
Lake Tara,18,74858.04,Marketing
Stevenstad,21,80092.0,Sales
Franklinborough,44,98648.18,Marketing
Lake Jessicahaven,21,71690.83,Marketing
East Jasmine,23,67497.87,Sales
Lake Stephanieburgh,18,109871.49,Sales
New Kathleenmouth,42,94902.51,Marketing
East Tonya,30,97616.05,Sales
Lake Bryanfurt,38,72760.04,Engineering
Khanland,60,62846.1,Engineering
West Claudia,30,65678.96,Sales
New Brandon,47,79964.76,Engineering
Lake Lisashire,44,82695.09,Marketing
Angelaville,44,81140.5,Marketing
Ericberg,29,58895.18,Finance
North Edwardchester,59,59420.88,Sales
Colemanland,65,66603.57,Engineering
Calebmouth,21,69792.13,HR
Lake Linda,32,72486.14,Engineering
Lake Jonathonfurt,22,87511.19,Marketing
Hickshaven,30,106544.75,Engineering
Reidborough,60,47783.31,HR
Teresashire,29,75963.53,Sales
Ronaldtown,24,75296.9,Sales
South Terranceberg,23,84011.16,HR
Anthonyfurt,45,74766.22,Sales
Port Scott,64,97576.5,Sales
North Rose,54,59630.56,Marketing
Harringtonshire,52,91627.41,Sales
Davidstad,40,72368.51,Marketing
Williamsview,25,55226.22,Finance
North Gabrielshire,23,69727.0,Engineering
Lake Sharon,24,69759.69,Engineering
North Alecland,19,86960.82,Engineering
Camposside,26,57833.52,Marketing
Richardfort,43,65707.72,HR
Port Trevor,63,75568.94,Marketing
Lake Sharon,60,78135.89,Sales
Wilsonburgh,44,74623.71,Engineering
Russellton,46,83576.93,Engineering
South Spencer,45,67677.7,Engineering
Jacobhaven,32,49140.32,Sales
Floresfort,20,73988.68,Marketing
Hernandezview,52,68752.03,Engineering
East Marymouth,29,94953.15,Marketing
South Benjaminstad,47,48112.19,Engineering
South Jessicatown,57,71515.49,Sales
Loriton,32,98174.0,Marketing
Port Sarahtown,29,81375.81,Marketing
Lake Andrewshire,19,57827.72,Engineering
Port Holly,30,60662.99,Sales
South Hollybury,18,82723.19,HR
East Ana,18,52959.37,Marketing
Johnton,54,60143.41,Marketing
East John,31,91325.5,Engineering
Nicholasstad,33,60706.98,Engineering
Davidchester,64,75525.99,Marketing
East Lindseymouth,49,63572.72,Sales
New Erin,19,83733.63,Marketing
New Johnnystad,50,67721.25,Sales
Schmidttown,29,79905.87,Marketing
Alexanderview,43,81760.83,Sales
Briannaborough,49,67286.04,Marketing
North Bradley,29,76042.52,Marketing
Port Roberta,41,77323.25,Engineering
Port Holly,34,69973.36,HR
Port Ashley,60,96738.76,Engineering
Teresashire,48,91629.1,Engineering
South Wayne,48,87387.52,Sales
New Theresa,18,67858.95,Marketing
Payneborough,28,50059.91,Sales
Jamesstad,48,66041.29,Engineering
Maxwellfurt,27,53523.62,Finance
Hickshaven,47,77935.44,Marketing
Buchananburgh,64,88413.62,Engineering
North Krystalton,18,69707.48,Sales
Butlerstad,41,99072.24,Sales
Michaelmouth,21,84746.19,Engineering
East Kristen,23,77414.94,Sales
Port Sarahtown,41,56786.3,Marketing
New Joseph,32,37184.14,Sales
Samanthamouth,29,30000.0,Marketing
Amymouth,21,68552.36,Engineering
Andersonmouth,58,80560.74,Marketing
South Tonyamouth,24,94376.71,Engineering
East Jamesburgh,54,68698.58,Engineering
East Steven,22,83115.83,Sales
Poolemouth,27,56811.32,Sales
Joneston,42,108150.51,Marketing
North Sharonburgh,35,70815.77,Marketing
Lake Kathryn,35,61900.52,Marketing
Johnsonview,32,64159.84,Engineering
Pamelaport,23,78214.86,Engineering
Angelaland,33,78901.9,Engineering
West Elizabeth,19,56924.84,Marketing
North Ruben,19,57382.08,Engineering
New Katherine,19,86716.32,Marketing
Port Tylertown,18,78407.74,Marketing
Richardside,54,65585.52,Finance
Buchananburgh,55,93087.19,Engineering
Davidport,34,94173.49,Marketing
Davidchester,23,93544.63,Sales
South Elizabeth,61,81614.45,Engineering
Phyllisport,42,86543.47,Sales
East Kathryn,47,94751.54,Sales
Cherylmouth,57,91769.44,Sales
Russellport,24,50824.28,Marketing
Camposside,22,80142.06,Sales
Alanshire,47,84919.96,Sales
Youngland,23,80061.05,Marketing
South Brandy,22,82686.87,Marketing
Jasmineside,23,62432.96,Sales
East Kathryn,30,69801.94,Sales
Lake Lisaland,39,82707.36,Engineering
East Beth,20,79024.08,Marketing
East Kristen,57,86686.04,Marketing
West Robert,62,69863.0,Sales
Port Sonia,36,94721.4,Sales
Russellton,33,55570.65,Marketing
Jeffreyburgh,60,80474.38,Sales
Lake Lisabury,29,69004.03,Marketing
Khanland,24,91537.67,Marketing
Lewismouth,19,70728.08,Engineering
North Erinfort,50,60676.44,Marketing
Howellbury,51,58811.4,Engineering
Bartlettville,50,72130.81,Marketing
Floresfort,31,54912.46,Marketing
Jenniferberg,25,69400.18,Marketing
East Kathryn,20,82435.53,Marketing
Harringtonshire,59,54842.97,Engineering
Jasonmouth,18,58365.99,Marketing
East Pattystad,62,68587.38,Engineering
Lake Bryanfurt,57,70346.83,Marketing
Lake Brendan,43,90519.27,Finance
West Melissaville,24,76460.37,Sales
Jenniferfort,34,109028.81,Marketing
North Sarahshire,56,72451.02,Marketing
Patrickborough,49,66184.29,Marketing
South Thomastown,39,74866.2,Marketing
Figueroaport,22,78059.65,Engineering
Jonesstad,65,57599.04,Engineering
Sarahland,22,71062.33,Sales
Ericberg,25,106566.06,Sales
Joelshire,24,72573.83,Sales
Benjaminhaven,28,53228.95,Marketing
Jeffreybury,44,67232.05,Marketing
Coopershire,41,91135.07,Engineering
Lisafurt,24,33601.74,HR
Collinsville,41,109329.8,Marketing
Jenniferview,38,65890.15,Engineering
North Carrieview,27,68080.86,Marketing
East Wendy,23,79020.31,Engineering
New Andrew,41,64420.43,Marketing
New Derekview,20,75009.45,Sales
New Robertchester,45,83238.5,Marketing
Richardside,32,78396.44,Finance
Richardside,20,92905.11,Sales
Estesport,31,110261.2,Marketing
East Deborahstad,49,92853.49,Engineering
North Rose,44,65080.0,HR
Lake Jenniferborough,20,76880.31,Engineering
Port Scott,30,84078.38,Sales
New Brandihaven,25,76820.91,Engineering
North Donna,28,44002.38,Engineering
Ericburgh,62,80739.97,Marketing
Schmidttown,26,78898.66,Engineering
New Theresa,52,49773.58,Sales
Margaretview,46,89920.03,Marketing
West Melissaville,22,100088.39,Marketing
Port Johnbury,18,61880.84,Engineering
West Jenniferberg,37,81050.36,Marketing
East Angela,53,75906.64,Marketing
Jacobhaven,18,82980.29,Marketing
North Jacob,39,91916.76,Engineering
Patrickborough,34,81236.03,Engineering
South Markland,62,76384.13,Engineering
New Aaron,19,67734.21,Finance
Jacobhaven,44,81084.15,Sales
North Vickieburgh,46,97946.75,Engineering
Transtad,37,72521.52,Finance
Michaelmouth,24,112155.89,Sales
South Laura,38,83074.54,Sales
North Gabrielshire,56,73122.8,Engineering
Collinsville,62,82758.47,Marketing
West Nicole,55,81882.89,Marketing
Lake Shannonshire,20,62695.23,Sales
Mejiafurt,39,101936.71,Marketing
South Amyside,26,62968.93,Marketing
Hernandezland,23,74864.86,HR
North Bruce,41,82472.72,Finance
South Terranceberg,22,66792.76,Engineering
Port Steven,60,75174.95,Marketing
Crystalfurt,37,68679.74,Engineering
West Diana,25,80818.92,Sales
Katieburgh,32,87526.98,Marketing
Lake Lisaland,62,78201.13,Sales
Lake Ashleyfurt,53,67234.64,Marketing
Brentview,27,103415.26,Marketing
New Robertchester,31,48967.32,Engineering
Reidfort,50,70323.01,Marketing
North Travis,23,61718.14,Engineering
Faulknerville,64,68938.05,Sales
Port Debra,28,73529.7,Sales
Lorettachester,24,73618.06,Engineering
Jenniferside,51,51469.46,Marketing
East Colinfort,18,90653.44,HR
Williamsview,50,75758.6,Engineering
Johnsonshire,34,69941.24,Engineering
Smithview,55,60140.95,Sales
Rebeccaton,30,59549.48,Engineering
Herreraburgh,34,64052.32,Marketing
Farrellburgh,57,84754.94,Marketing
Port Erikbury,59,89916.0,Engineering
Jenniferton,52,84251.76,Marketing
Pamelaport,45,103405.41,Sales
Lake Elizabeth,49,58977.57,Sales
Kellyfort,32,74106.32,Finance
Williamsmouth,54,75017.2,Marketing
Rickyville,18,73935.22,Engineering
North Diane,29,78003.86,Finance
Brownburgh,24,56810.44,Marketing
Hernandezview,19,75157.58,Engineering
Payneborough,57,50527.45,Sales
Port Jose,26,54770.3,Sales
Lake Earl,54,51408.59,Sales
East Stacey,55,79160.56,Engineering
Coopershire,41,57746.36,Marketing
East Steven,51,99949.43,Marketing
New Sarahmouth,24,81960.56,Engineering
West Gina,32,60950.17,HR
Mckeeton,18,110948.2,Finance
South Elizabeth,25,78463.5,Finance
Benjaminhaven,26,89046.94,Engineering
Willieville,22,54871.42,Marketing
Port Cheryl,27,72616.16,Marketing
Wheelerland,46,80287.3,Engineering
Payneborough,34,90510.05,Sales
Lake Jenniferborough,19,59180.5,Marketing
East Davidport,44,71752.95,Marketing
Lake Alan,19,105246.28,Marketing
East Kelly,29,102153.55,Sales
Farrellburgh,40,78869.51,Marketing
Lake Elizabeth,62,92856.73,Sales
New Jason,28,97800.44,Marketing
Jesusside,42,100778.3,Engineering
Latoyastad,53,82286.08,Marketing
New Jessica,48,84013.35,Sales
Tonyaborough,34,85909.94,Sales
Mejiafurt,21,73071.32,Sales
East Kimberlyburgh,19,87624.43,Engineering
South Phillipport,57,84684.46,Marketing
South Theresachester,27,88179.39,Engineering
Carolynchester,56,80006.19,Marketing
Jasonmouth,61,42366.27,Engineering
Marieview,58,88279.85,Engineering
North Staceyhaven,18,117754.64,Marketing
Angelaville,28,98736.37,Engineering
Scottview,42,78751.12,Engineering
New Brandihaven,38,75653.12,Marketing
Benjaminton,48,76425.73,Sales
East Caitlintown,21,66808.58,Finance
New Davidmouth,31,72485.46,Engineering
New Jeremiah,52,102146.9,Finance
Brentview,41,58072.7,Sales
Johnsonshire,40,59952.05,HR
New Jeffreyville,35,75892.36,Finance
Gregoryside,24,89499.68,Sales
Katherineport,27,77578.91,HR
Freemanmouth,60,81109.77,Sales
Williamstad,65,97565.53,Marketing
Port Joseph,36,48661.45,Sales
South Jasonland,53,70391.77,Marketing
Lake Brian,41,84764.76,Engineering
Lake Stephanie,63,79206.63,Engineering
West Melissaville,27,68621.28,Finance
Erinmouth,62,61748.43,Sales
North Jeffrey,41,58329.77,Finance
Lake Paul,31,85814.5,Engineering
North Timothy,23,67020.74,Marketing
Tonyaborough,63,68889.48,Marketing
Estradafurt,19,45866.54,Marketing
New Katherine,64,68598.18,Sales
Loriton,53,75689.38,Marketing
New Sheilastad,28,77241.49,Marketing
West Gina,42,53508.53,Sales
Port Beth,25,83448.11,Marketing
North Alecland,37,73635.42,Marketing
North Donna,48,108280.64,Marketing
Alanshire,52,106516.43,Marketing
West Patrickton,18,74331.02,Marketing
Lake Lisabury,51,86931.31,Sales
West Gina,26,83870.99,Sales
Joshuahaven,24,89595.2,Engineering
West Timothy,51,100098.2,Engineering
Sarahville,57,40115.7,Sales
North Nicholasland,21,98725.46,Marketing
Briannaborough,49,58466.97,Sales
Guzmanland,20,63507.37,Marketing
South Markland,30,85230.71,Sales
Jenniferton,21,64321.73,Engineering
Katherineview,30,85416.8,Finance
Elliottborough,60,46449.64,Marketing
Conwayville,32,80352.97,Engineering
Davidport,43,77496.84,Sales
Lake Stephanie,29,69784.01,Marketing
New Erikside,47,41457.09,Engineering
Harringtonshire,41,93804.83,Finance
Port Joseph,25,69408.17,HR
Robinshire,24,95201.31,Finance
Davishaven,36,72952.71,Marketing
Kimberlystad,36,63439.73,Marketing
South Joshuamouth,58,54949.59,Engineering
Lake Brendan,19,47867.63,Sales
Floresfort,19,91334.04,Sales
New Arielchester,25,106870.65,Engineering
Lake Brian,65,57129.83,Engineering
Smithview,54,73092.89,Engineering
Port Robert,27,86519.09,Marketing
Port Scott,22,83445.37,Marketing
Floresmouth,56,80508.26,Marketing
Carolynchester,47,69511.47,Sales
Transtad,34,89851.98,Marketing
Port Johnbury,36,61234.67,Finance
North Bradley,30,82534.75,Marketing
East Wendy,35,59340.08,Finance
Lindseyfurt,60,97742.58,Engineering
Lake Shannonshire,26,88914.29,Engineering
Howellbury,27,54367.39,Marketing
Lake Brandiland,29,63298.85,Marketing
Bartlettville,24,74871.94,Marketing
Marieview,37,88052.99,Marketing
Lake Kevinside,18,102693.1,Engineering
Reidborough,25,63015.46,Engineering
Alanshire,30,86619.2,Sales
Lake Lisaville,25,75012.62,Marketing
Gregoryville,29,64037.34,Marketing
Lake Kevinside,30,92515.13,Marketing
Earlstad,22,101285.77,Engineering
Lake David,20,84168.31,Marketing
East Andrea,24,48061.41,Sales
Port Maryshire,24,60384.75,Engineering
New Sarahmouth,18,65095.54,Sales
New Darrell,24,84890.38,Engineering
Lake Alan,51,70374.21,Engineering
Franklinborough,28,59835.46,Sales
South Markland,19,63521.8,Sales
New Jeremiah,48,72420.33,Engineering
North Shelleyton,31,63943.78,Marketing
South Joshuamouth,38,95097.54,Sales
Freemanmouth,42,90597.44,Marketing
Lorettachester,33,84191.07,Marketing
Buchananburgh,24,63024.37,Sales
Floresmouth,19,85059.46,Marketing
South David,28,46845.57,Engineering
Kelleytown,28,79579.33,Marketing
New Brandon,20,67156.63,Marketing
South Spencer,55,87389.86,Marketing
Morsefort,21,62301.68,Sales
East Bruceview,22,76596.08,Marketing
Jenniferborough,27,77775.85,Sales
South Joe,22,70447.06,Marketing
Evansborough,23,70541.99,Marketing
East Megan,26,59951.64,Sales
Michelleland,20,82509.98,Marketing
South Valerieland,55,86956.88,Engineering
Jenniferborough,63,68970.14,Engineering
Mooreborough,18,70250.86,Sales
Sanchezfort,60,40870.43,Marketing
Lake Amandaview,25,68196.64,Marketing
Cristianbury,45,80430.16,Engineering
North Edwardchester,21,39098.73,Sales
Tonyaborough,23,93633.06,Marketing
Sanchezfort,46,74934.61,Marketing
Michelleland,41,76899.05,Sales
New Theresa,45,73984.25,Marketing
Davidstad,24,90441.78,Marketing
Williamsview,26,93555.78,Sales
Jonesburgh,21,75298.21,Marketing
Jimfurt,36,60992.27,HR
New Carriestad,20,74581.92,Marketing
Bethstad,23,77370.19,Engineering
Sarahside,51,88129.51,Engineering
East Peterburgh,24,76096.03,HR
Brownhaven,41,77048.39,Sales
Charlesbury,28,89577.15,Finance
Greenville,20,87300.37,Engineering
Lake Cynthiaburgh,39,69806.65,Marketing
East Melindafort,40,73635.25,Sales
South Taylor,28,59172.56,Engineering
East Stacey,61,75780.46,Sales
Lake Brianaborough,20,104544.44,Engineering
Ronaldstad,20,104305.67,Engineering
Faulknerland,60,80509.18,Sales
Mirandaview,35,81601.97,Engineering
North Shannontown,34,53875.75,Sales
Weaverborough,26,65775.96,Marketing
New Kristen,22,77747.22,Marketing
Lake Todd,21,82716.84,Marketing
Amandashire,55,92235.4,Engineering
Port John,25,74750.07,HR
Estesport,30,82323.87,Marketing
South Theresachester,65,64479.33,Marketing
East Pattystad,52,75868.4,Marketing
Wardchester,24,68362.25,Marketing
South Brandy,19,81995.1,Marketing
Josephfort,57,67112.26,Marketing
West Brittany,24,70588.33,Marketing
North Katie,22,68658.57,Finance
Farrellburgh,25,80286.88,Finance
Joelshire,60,85011.92,Marketing
South David,45,88060.91,HR
Port John,27,46204.36,Sales
West Jane,24,76735.28,Marketing
Atkinsfort,38,84759.2,Engineering
Katherineport,39,58544.72,Marketing
Faulknerville,31,96826.63,Sales
Russellport,40,61828.84,Engineering
Davishaven,20,80128.11,Sales
Davidtown,27,67199.23,Marketing
Jenniferborough,22,62386.1,Engineering
New Arielshire,18,80067.28,Finance
Damonton,27,50457.01,Engineering
North Shelleyton,26,91558.06,HR
Lake Kathryn,29,85417.54,Sales
Wardchester,37,95350.6,Marketing
Lake Alan,46,84670.79,Marketing
Lake Stephanie,26,98782.54,Marketing
Mooreborough,25,62023.34,Sales
Anthonyfurt,27,67292.01,Marketing
North Katie,27,81477.89,Engineering
Lake Brianaborough,31,49282.47,Marketing
Marcshire,52,62315.58,HR
North Bradley,30,64208.26,Marketing
Lake Elizabeth,21,71788.37,Engineering
New Danielhaven,45,72111.77,Sales
New Sheilastad,29,100687.05,Engineering
West Robert,44,80091.32,Marketing
Hickshaven,20,92287.4,Engineering
Davisville,33,89945.6,Engineering
East Beth,40,62678.16,Sales
Port Johnbury,60,69161.13,Marketing
Jimfurt,23,63313.71,HR
Lake Paul,20,68344.25,Sales
Angelahaven,48,66619.26,HR
Hilltown,33,87161.08,Sales
Richardfort,44,65990.78,Sales
East Kimberly,30,67644.43,Sales
Lake Lisabury,29,87710.78,Marketing
Lake Johnshire,23,83031.63,Engineering
Russellport,40,74666.87,Engineering
Samanthaton,27,61457.56,Marketing
Hallshire,58,72360.38,Sales
South Jasonland,47,80039.75,HR
Johnnyland,36,84826.11,Marketing
South Brandy,64,74991.17,Sales
Krystalchester,19,81704.4,Engineering
East Crystal,48,97041.04,Sales
East Danielle,23,71985.99,Marketing
Robinshire,19,71732.18,Sales
Ashleyville,55,41466.1,Sales
Jonesstad,55,63296.48,Sales
Denisefurt,36,84556.3,Engineering
Lindseyfurt,49,83335.38,Finance
Michaelborough,56,82412.65,Engineering
Phyllisport,48,77504.3,Marketing
New Brandihaven,42,68380.58,Sales
Lake Elizabeth,33,54276.1,Sales
New Jeremiah,60,66035.76,Marketing
Suzannefort,27,76162.16,Marketing
Port Shaunfurt,23,49961.36,Sales
Farrellburgh,62,73005.83,Engineering
Phillipland,23,75553.06,Marketing
East Deborahstad,57,58870.61,Finance
Davishaven,34,90075.65,Engineering
Angelaville,64,63407.19,Marketing
North Timothy,19,71829.15,Marketing
Port Sonia,21,85921.98,Sales
Lake Jenniferborough,39,89121.71,Marketing
Anthonyfurt,54,98353.77,Sales
Camposside,21,87760.82,Engineering
Conwayville,50,75742.22,Marketing
Scottmouth,36,44790.11,Engineering
Sandrashire,44,72666.04,Sales
Loriton,20,78111.02,Marketing
East Keith,29,96120.62,Marketing
East Gregorymouth,21,80673.62,Engineering
Phyllisport,62,87344.79,HR
Howellbury,57,85053.53,Sales
Amybury,18,84299.33,HR
Lake Wendyton,30,52952.46,Engineering
East Christinamouth,24,84577.08,Engineering
Angelahaven,30,72132.03,HR
Bryantport,37,116659.77,Engineering
Hallshire,34,81611.05,Engineering
Stevenstad,20,58994.52,Engineering
Annachester,38,65974.83,Engineering
Tonyaborough,34,68599.68,Sales
Johnville,39,63095.55,Engineering
Amymouth,45,74086.17,HR
Flynnshire,33,83471.96,Engineering
New Darrell,55,59943.18,Engineering
South Jimmy,40,67826.24,Marketing
Williamsmouth,56,61078.17,Marketing
South Barry,57,60228.8,Finance
East Lindseymouth,63,86290.57,Marketing
North Aliciaville,19,63808.61,Marketing
Grayfurt,28,66243.26,Engineering
Zacharychester,58,53448.37,Marketing
Jeffreyburgh,28,74687.8,Marketing
East Ryanborough,59,76702.99,Sales
West Christinafurt,45,103497.46,Marketing
Savannahbury,34,79897.91,Finance
Santosborough,22,83501.41,Sales
East Danielhaven,22,59726.44,Marketing
New Brianna,35,61959.58,Marketing
Kimberlystad,35,58114.66,Engineering
North Ruben,47,82480.95,Marketing
New Michaelland,18,68430.84,Sales
Lake Wendyton,63,90765.24,Engineering
Estradafurt,38,101942.36,Marketing
East Bruceview,22,70930.92,Marketing
Hollymouth,20,103979.93,Marketing
East Kristi,30,114412.93,Finance
Parkermouth,50,76638.14,Engineering
Jeanneport,50,93557.12,Marketing
Port Seanhaven,27,39989.91,Sales
New Sarahmouth,32,97705.56,Engineering
North Nicholasland,20,75534.57,Sales
Petersonton,40,45297.72,Marketing
Shannonport,21,47643.43,Marketing
Danielview,31,78882.3,Marketing
North Christianchester,41,119076.2,Engineering
Lake Linda,36,96735.98,Marketing
East Danielle,41,87300.69,Sales
Suzannefort,59,77540.38,Engineering
North Lisaborough,39,58247.5,Engineering
Websterview,38,96877.25,Engineering
Payneborough,32,44232.38,Engineering
Campbellhaven,19,74027.01,Marketing
North Faithmouth,23,79999.33,Engineering
North Isabel,63,47859.53,Marketing
West Cindy,20,96593.61,Marketing
New Brandihaven,56,75144.39,Marketing
Davishaven,25,57666.51,Engineering
Port Ryanstad,27,68389.81,Marketing
East Rachel,27,74001.02,HR
Loriton,40,81062.37,Engineering
Port Cheryl,58,90227.59,Marketing
Bennettside,35,52915.49,Marketing
North Claudia,53,82691.29,Engineering
Lake Jessica,48,63536.39,Engineering
Paulmouth,53,86210.16,Engineering
Lake Jonathonfurt,52,86385.9,Marketing
Lake Andrewshire,58,82712.35,Marketing
Nicholasstad,20,82769.79,Marketing
Dianahaven,30,90639.7,Marketing
Port Steven,34,67062.92,Sales
Garciaton,42,69092.63,Marketing
Makaylaberg,23,72869.17,Sales
South Taylor,41,41346.89,Engineering
South Jasonland,25,66906.04,Marketing
Wardchester,23,58134.16,Sales
North John,42,91925.41,Sales
Port Roberta,30,88545.29,Marketing
South Jimmy,23,93651.22,Marketing
Jenniferton,53,77602.46,Marketing
Martinezfurt,28,82862.95,Sales
South Andrea,29,66148.34,Engineering
West Taylor,57,64414.13,Marketing
New Derekview,63,89079.84,Engineering
East Billychester,27,69066.95,Engineering
Benjaminhaven,19,48900.09,Finance
West Nicole,26,65686.81,Engineering
East Kathryn,54,82993.13,Finance
Matthewton,37,77867.08,Sales
Quinnville,60,65101.77,Sales
Willieville,63,78034.64,Marketing
Port Scott,24,90963.02,Marketing
South Williamview,49,69500.68,Sales
Richardside,34,62901.86,Finance
North Travis,21,83347.73,Marketing
Jenniferborough,25,56698.42,Marketing
Andersonmouth,22,53774.64,Sales
East Rachel,20,80679.1,Sales
Williamstad,27,83473.76,Sales
Hernandezberg,18,68958.55,Marketing
West Christinafurt,63,101315.31,Marketing
South Jasonland,33,69319.11,Sales
Hollyland,38,89146.23,Sales
North Marie,43,80493.21,Sales
New Angela,63,68527.24,HR
East Matthew,18,53990.38,Sales
Leefurt,32,73574.02,Engineering
Smithville,25,71720.56,HR
Morrishaven,31,97465.45,Engineering
New Rebecca,21,74328.96,Sales
Port Roger,33,80851.9,Marketing
Cynthiamouth,44,86424.42,Marketing
Heatherborough,29,90035.03,Sales
Port Jenniferbury,48,88026.92,HR
East Rachel,25,50503.14,Engineering
Hollymouth,33,68942.34,Finance
Flynnshire,58,68289.91,Marketing
Cooktown,39,37619.49,Sales
Lake Brian,22,112511.95,Marketing
Hunterberg,25,71890.0,Sales
Schmidttown,45,85160.33,Sales
South Denisechester,20,85265.97,Engineering
Port Mark,46,90038.78,Marketing
Lake Eileenville,18,83400.0,HR
Hernandezberg,34,68945.93,Engineering
Amymouth,49,89716.24,Sales
North Vanessaview,58,86604.23,Marketing
Fordtown,19,65930.52,Sales
Hartmantown,25,81563.85,Marketing
New Jeffreyville,23,72329.99,Engineering
Phyllisport,25,88174.56,Marketing
Johnsonborough,40,90266.48,Sales
Port Cheryl,44,67287.31,Marketing
New Michael,54,98432.46,Sales
New Davidmouth,23,56152.18,Engineering
Jenniferberg,25,105288.96,Engineering
New Heather,20,73841.32,Engineering
South Heather,51,69432.14,Finance
New Jason,49,91918.77,Finance
Blackberg,21,84455.26,Sales
Livingstonberg,51,34851.2,Sales
Port Katieberg,23,70738.16,Engineering
Port Maryshire,36,94940.76,Engineering
Port Jenniferbury,44,99874.12,Marketing
West Elizabeth,22,48869.73,Engineering
East John,28,79874.73,Marketing
North Marie,32,72470.89,Marketing
Sarahville,63,58589.73,Sales
North Geraldville,39,66042.04,Sales
Bennettside,32,61066.35,HR
New Sheilastad,19,102695.19,Sales
Port Emilyhaven,40,75310.35,Engineering
Port John,48,66307.07,Marketing
Port Johnbury,24,78097.32,Sales
New Michaelville,54,117573.69,Marketing
Vasquezland,33,46600.94,Sales
Lake Brianaborough,47,80842.97,Engineering
West Christinafurt,27,89059.35,Engineering
Katherineview,58,69772.79,Marketing
Brownburgh,33,71343.49,Marketing
Benjaminhaven,23,69748.12,Sales
Mejiafurt,22,60755.82,Marketing
Alexanderview,22,80665.28,Sales
Figueroaport,25,74206.38,HR
Nancyburgh,38,76975.75,Marketing
South Rachel,18,83077.04,Finance
Gregoryville,47,48335.88,HR
Richardfort,65,92787.47,Marketing
North Diane,28,48432.35,Engineering
Heatherview,49,63144.74,Marketing
South Taylor,47,69492.81,Marketing
Port Emilyhaven,35,64868.98,Marketing
Gutierrezshire,37,75246.66,Engineering
North Diane,21,60745.8,Sales
Port Beth,18,74703.2,Marketing
Lake Jessicahaven,37,78759.33,Sales
Tiffanybury,37,74371.91,Sales
West Gina,18,83704.91,Marketing
Port John,31,90808.37,HR
Lake Kathryn,53,62416.77,Marketing
East Kelly,52,47922.22,HR
Barbarahaven,40,70986.85,HR
West Timothyburgh,40,74008.73,Marketing
West Joseph,35,69809.55,Sales
North Travis,48,69553.4,Sales
Sandrashire,25,56708.54,Engineering
Nicholasstad,60,91675.38,Marketing
Tammyport,48,80757.81,Marketing
Emilymouth,33,85821.15,Engineering
Port Jennifer,23,80911.94,HR
South Terranceberg,23,85095.63,Marketing
Dawnberg,64,78944.14,Marketing
South Jimmy,23,60833.19,Finance
Woodland,27,74145.9,HR
Lake Kathryn,22,106209.62,Engineering
East Deborahstad,31,77692.0,Sales
West Michealfurt,45,61054.44,Engineering
Lake Paul,23,59440.4,Engineering
Port Jenniferbury,57,61387.89,Sales
Williamsview,35,65677.4,Marketing
South Steven,25,68560.0,Marketing
South Laura,18,81936.18,Marketing
Port Mark,22,83989.87,Engineering
New Arielshire,47,89404.05,Marketing
East Wendy,22,114863.41,Sales
East Tammyshire,41,82569.07,Marketing
New Mariefort,38,100680.63,HR
Butlerstad,28,67549.34,Marketing
South Tonyamouth,49,71542.08,Engineering
Beckyhaven,38,63158.28,Sales
East Bruceview,46,63380.25,Engineering
Reevesburgh,44,71429.34,Engineering
Williamsmouth,64,63098.36,Marketing
Brendachester,31,55118.2,HR
Brettmouth,59,69292.58,Marketing
Hunterberg,23,72947.26,Marketing
New Mariefort,65,81502.62,Marketing
Stevenstad,26,30000.0,Marketing
North Anne,36,83616.19,Marketing
Thomasborough,41,72365.78,Sales
Freemanmouth,45,81504.7,Engineering
Port Debra,19,76044.75,Engineering
South Heather,41,55519.44,Engineering
Mckeeton,33,71703.5,Sales
North Geraldville,25,54053.24,Marketing
Krystalchester,20,73228.61,Engineering
South Sydney,23,55480.08,Engineering
South Susan,61,60972.06,Finance
Rodriguezberg,27,100931.49,Sales
Khanland,31,95701.95,Marketing
East Kristen,25,72872.11,Marketing
Gilesland,25,100944.94,Sales
Nicholasstad,42,77944.49,Marketing
Dianahaven,26,68247.34,Marketing
Kellyberg,33,58823.51,Engineering
Lake Brianaborough,61,62334.63,Engineering
South Jimmy,19,76515.39,Engineering
Rodriguezberg,19,75950.35,Marketing
Lake Sharon,48,68129.25,Marketing
Willieville,48,39923.22,Marketing
North Jacob,39,71300.56,Marketing
New Ronald,60,86954.78,HR
New Arielshire,19,58340.51,Engineering
Rogersview,24,67156.79,Marketing
Marcshire,49,32303.08,Marketing
Port Jessicatown,33,106217.96,Sales
Greenfort,36,89429.68,Sales
Brownburgh,46,64209.59,Marketing
New Darrell,22,102006.64,Marketing
Rojasmouth,28,84340.28,Sales
Herreraburgh,46,48141.56,Marketing
Robertsonberg,27,61581.98,Sales
West Christinafurt,43,88390.97,Engineering
East Davidport,23,71967.69,Sales
Lake Stephanieburgh,24,86907.76,Engineering
Alanshire,40,68049.33,Sales
Russellport,25,51688.88,Marketing
Lake Jessica,28,83241.74,Marketing
Herreraburgh,56,101577.91,Marketing
Oliverton,57,78236.94,Marketing
West Diana,57,62523.92,Marketing
South Natashafurt,31,52336.54,Sales
Latoyastad,33,92324.11,Sales
North Gabrielport,44,67993.27,Engineering
Lake Earl,37,116751.25,Sales
Jeffreyburgh,24,67057.19,HR
Davidtown,58,104647.06,Marketing
New Derekview,56,97664.56,Engineering
East Crystal,26,60577.78,Marketing
Jenniferton,48,84362.39,Marketing
Josephfort,22,74014.82,Marketing
Damonton,44,82924.86,Marketing
Cooktown,26,95088.89,Sales
Lake Jennifermouth,20,86532.13,Sales
Joelshire,44,74311.94,HR
Port Roberta,63,73882.41,Finance
Hollyland,24,79348.33,Engineering
West Jeffrey,28,94108.61,Marketing
Joton,54,50224.25,Sales
East Tiffany,43,70970.57,Engineering
Estesport,58,76323.25,Engineering
Mitchellburgh,34,55325.5,Sales
New Thomas,23,74796.56,HR
East Megan,25,76916.2,Sales
Lake Brendan,18,64562.86,Sales
North Stephanie,28,58238.44,Finance
Davidsonfurt,63,72442.97,Engineering
Katieburgh,41,114759.95,HR
Port Darleneborough,24,71280.49,Marketing
Johnsonview,25,60497.11,Marketing
West Brittany,35,30000.0,Marketing
Loriton,60,72594.37,Marketing
North Isabel,36,64145.83,Marketing
Lake Brandiland,25,84093.08,Marketing
Lake Kevinside,18,69096.01,Marketing
Lake Linda,21,97611.62,Marketing
New Scottborough,27,88818.12,Engineering
South Taylor,26,85730.98,Engineering
Santosborough,20,88427.88,Sales
Markhaven,26,95737.83,Sales
Joton,22,67329.47,Sales
East Tiffany,53,93387.68,Marketing
New Markville,32,50929.54,Engineering
Port Scottburgh,22,82144.3,Sales
Lake Nancy,53,70221.55,Engineering
New Markville,36,87959.27,Sales
Edwinburgh,54,48916.31,Sales
Stokesbury,18,66729.31,Marketing
Jeffreymouth,25,80867.05,Engineering
Lake Nancy,33,100536.27,Engineering
North Peterfurt,18,75328.08,Marketing
Camposside,36,61218.73,Marketing
South David,48,73602.17,Engineering
Schmidttown,62,105210.57,Sales
Williamsmouth,57,99754.2,Engineering
Makaylaberg,18,87084.5,Engineering
North Rose,19,42402.52,Engineering
East Kristi,20,61558.25,Sales
Feliciatown,46,80392.42,Engineering
Williamton,59,71917.62,Marketing
East Peterburgh,56,75029.66,Engineering
Paulmouth,52,89784.27,Marketing
Port Roberta,50,73123.82,Sales
Jenniferton,41,67122.5,Engineering
Morrishaven,44,76112.62,Sales
Amymouth,19,94072.64,Marketing
East Tiffany,43,53961.7,HR
Melissamouth,21,73777.73,Marketing
New Carriestad,44,98639.46,Marketing
Mejiafurt,37,92347.39,HR
Lake Lisaland,21,80427.52,Marketing
West Robert,30,99800.11,Engineering
Port Kevinport,26,74136.83,Engineering
Danielstad,22,102007.42,Marketing
Martinville,20,60519.63,Marketing
Michaelshire,31,93786.2,Marketing
Tonyaborough,30,72411.35,HR
West Timothy,22,83329.37,Engineering
South Susan,33,73010.34,Engineering
Bethstad,29,71574.51,Sales
East Kimberly,27,69965.57,Marketing
South Steven,60,83511.79,Sales
Robertsville,36,67118.5,Sales
New Brandon,40,84274.55,Marketing
Port Roger,30,86741.2,Marketing
Port Jesse,52,97238.28,Sales
Sandrashire,18,50292.74,Marketing
South Natashafurt,39,95040.98,Marketing
Lake Veronicabury,24,83017.26,Sales
North Robertfort,42,57977.87,Marketing
Lake Andrewshire,35,86400.98,Marketing
Crystalland,55,85251.86,Finance
Sanchezfort,20,83604.58,Sales
Martinezfurt,44,71737.26,Sales
Port Ryanstad,38,78407.79,Sales
Blackberg,22,94435.99,Engineering
Leahstad,43,83203.09,Marketing
Dawnberg,24,65874.12,Engineering
West Elizabeth,56,70390.81,Marketing
Ashleyville,31,64421.42,Finance
Lake Todd,28,78126.18,HR
Jenniferside,47,81358.02,Sales
West Robertstad,24,92277.17,Sales
East Michael,21,68128.07,Marketing
Bennettside,19,92452.51,Marketing
Timothyport,27,90496.86,Marketing
Livingstonberg,65,93717.08,HR
Mejiafurt,34,82557.81,Engineering
New Carriestad,32,73626.46,Marketing
Joelshire,57,51026.81,Engineering
Sanchezfort,51,70709.91,Marketing
South Brandy,29,53265.27,Marketing
South Laura,18,74524.43,Finance
Ashleyville,47,70066.94,HR
New Anneborough,49,52983.18,Engineering
New Jessica,27,75498.44,Marketing
Port Cheryl,22,56680.67,Engineering
South David,27,52798.71,Marketing
Gutierrezshire,53,81766.77,Marketing
Lucasmouth,19,62077.24,Engineering
Denisefurt,28,87144.99,Marketing
Port Debra,33,93709.43,Marketing
New Jessica,60,72158.28,Marketing
Reidborough,19,68786.99,Sales
Patriciatown,59,55198.0,Sales
Marcshire,39,81827.29,Engineering
Lucasmouth,33,74350.52,Marketing
Michaelborough,52,52392.69,Engineering
Hunterberg,29,96605.28,Sales
Port Robert,19,78922.53,Marketing
North Stephanie,33,94753.67,Marketing
East Matthew,19,83524.63,Finance
Caintown,58,90207.21,Engineering
Lake Stephanie,40,48579.11,Marketing
East Tiffany,25,77025.08,Engineering
New Carriestad,28,76542.74,Engineering
Lake Brandiland,20,46526.88,Marketing
North Joshua,45,96442.01,Engineering
Port Scottburgh,20,94385.67,Marketing
West Joseph,35,67308.91,Marketing
Markhaven,38,73451.94,Sales
Bartlettville,33,62665.71,Engineering
Mitchellburgh,44,69442.25,Marketing
Calebmouth,43,85819.29,Sales
East Kelly,38,60636.86,Finance
Tiffanyfurt,39,81392.79,Engineering
West Timothyburgh,21,71756.55,Marketing
Stokesbury,29,52093.34,Sales
Annachester,33,70584.71,Sales
Fordtown,20,69124.19,Sales
Smithmouth,30,58497.14,Engineering
Kathryntown,18,99695.03,HR
Martinville,22,98620.26,Engineering
New Kristen,32,69253.52,Marketing
Elliottborough,63,82882.72,Sales
Charlesbury,40,77206.51,Marketing
East Anneview,42,86776.52,Sales
East Bruceview,26,93095.62,Engineering
South Natashafurt,22,72548.01,Sales
North Nicholasland,34,70424.57,HR
North Claudia,56,75582.76,Marketing
East Kristi,22,74388.83,Sales
New Erin,52,67432.22,Marketing
Bennettside,24,37506.97,Engineering
Stevenstad,19,83840.12,Sales
New Kyle,62,112885.75,Sales
East Sarah,65,102207.98,Marketing
New Mariefort,56,66034.04,Marketing
Port Emilyhaven,48,69422.61,Marketing
Lindseyfurt,18,93949.91,Marketing
West Diana,45,62723.52,Sales
Makaylaberg,53,105344.74,Sales
Johnsonborough,20,87205.02,Engineering
South Theresachester,23,82351.06,Marketing
Mirandaview,20,87881.72,Engineering
Collinsville,45,54116.7,Sales
Websterview,20,78417.69,Engineering
Hernandezberg,28,91713.05,Marketing
Santosborough,39,74559.39,Engineering
Garciaton,32,98083.54,Marketing
Lake Stephanie,28,70268.47,Engineering
New Aaron,30,105719.44,Marketing
Scottview,47,66343.58,Marketing
Dianahaven,20,75720.94,Engineering
West Patrickton,20,60656.41,Sales
Hernandezbury,61,56178.94,Sales
North Edwardchester,63,51175.76,Marketing
Lopezton,18,65883.21,Sales
Lake Jessicamouth,26,80408.76,Sales
Donnaton,18,78805.51,Marketing
Mitchellview,22,60789.34,Marketing
North Alecland,19,78211.79,Marketing
Port Roger,28,54353.81,Engineering
South Robertborough,25,87323.12,Engineering
Morganland,35,101762.42,Finance
Lake Linda,46,75431.73,Engineering
Santosborough,23,84444.53,Marketing
Jamesstad,28,57105.39,Engineering
New Kristina,60,82793.85,Engineering
Jamesburgh,56,63957.71,Engineering
West Timothy,31,79891.28,Marketing
North Geraldville,25,52811.01,Marketing
West Elizabeth,34,73256.91,Engineering
North Stephanie,31,89212.71,Sales
South Rachel,21,48191.57,Sales
New Jameston,60,80629.59,Engineering
Danielstad,54,88952.95,HR
West Jane,56,64407.45,Engineering
North Jeffrey,42,84633.78,Engineering
South Jasonland,23,86509.02,Marketing
Lisafurt,64,66926.05,Sales
Davidchester,20,86906.63,Marketing
Port Erikbury,44,83039.97,Sales
Leahstad,51,66103.14,Sales
South Robertborough,24,49103.53,Marketing
Hollyland,35,72365.59,Sales
Emilymouth,64,46241.07,Marketing
Lake Stephanie,45,82672.76,Sales
Sarahside,47,79055.82,Marketing
New Anneborough,34,96271.89,Marketing
North Marie,18,83906.95,Sales
Davidchester,20,59532.35,Finance
South Natashafurt,41,68816.91,Sales
Lucasmouth,28,83360.91,Marketing
Johnsonshire,48,93381.11,Engineering
New Robertchester,53,83807.82,Engineering
Lake Brendan,37,62918.71,Marketing
Oliverton,55,64661.22,Marketing
West Morganborough,29,51119.97,Marketing
Garciatown,54,104680.12,Marketing
Estesport,61,50973.14,Marketing
Dorseyberg,61,69964.58,Marketing
Grahambury,46,55266.14,Engineering
South Joshuamouth,53,53787.34,HR
Anthonyfurt,51,74711.38,Engineering
New Markville,25,63017.32,Sales
New Thomas,51,81061.75,Marketing
South Heather,30,72813.15,Engineering
South Heather,23,97866.03,Sales
New Michaelville,22,57290.58,Engineering
New Mariefort,21,73995.79,Marketing
North Nicholasland,29,59661.33,Engineering
Lake Paul,48,66259.85,HR
Damonton,24,83926.28,Engineering
Lake Elizabeth,33,64222.79,Marketing
Port Jenniferbury,25,70091.18,Marketing
Smithview,48,64534.15,Engineering
North Vanessaview,48,39196.66,Engineering
East Andrea,24,90704.04,Sales
Port Ashley,18,78533.05,Marketing
Lake Kevinside,30,48872.4,Marketing
Herreraburgh,26,61518.64,Marketing
Sandrashire,46,66794.82,Sales
New Danielchester,39,79386.69,Sales
Heatherview,34,84878.59,Marketing
Atkinsfort,35,64227.98,Marketing
East Sandrashire,65,84115.79,Marketing
North Heidi,51,69230.83,Engineering
Mckeeton,50,87838.73,Engineering
Jeffreybury,18,92321.45,Engineering
Lake Lisashire,45,56675.32,Sales
Markburgh,60,62710.57,Engineering
East Anita,64,59616.08,Finance
Amybury,39,54903.81,Sales
Jodiville,21,103134.75,Marketing
Anthonyfurt,62,52596.93,Engineering
South Kimchester,53,88735.11,Marketing
Lake Abigailport,59,106890.5,Engineering
New Brandihaven,28,68243.59,Sales
Sanchezfort,24,50580.55,Marketing
Davidsonview,24,70176.03,Engineering
West Jenniferberg,25,92998.16,Engineering
Port Robert,18,88370.78,Engineering
Reidhaven,29,54367.6,Sales
North Christianchester,22,102700.82,Marketing
East Philipville,28,71015.13,Marketing
West Diana,20,47102.12,Marketing
New Rachel,28,80999.97,Marketing
Marieview,25,38964.78,Engineering
Lake Ashleyfurt,25,84371.05,Marketing
East Kathryn,21,86775.85,Marketing
Atkinsfort,59,81050.79,Sales
Mitchellview,43,57348.59,Marketing
Lewischester,34,72859.64,Engineering
Richardfort,26,60241.3,Marketing
Lisafurt,31,63515.98,Sales
Port Roberta,21,95575.08,Engineering
East Ryanborough,62,71204.33,Marketing
Stanleystad,22,54900.83,Sales
Bartlettville,18,78258.02,Engineering
North Jeffrey,54,80424.3,Sales
West Taylor,61,102366.0,Sales
Lake Brianaborough,18,63272.98,Sales
South Valerieland,21,61964.46,Sales
South Laura,65,67117.03,Marketing
Tracyhaven,31,62061.51,Engineering
Gilesland,44,67297.58,Marketing
Erinmouth,37,89518.68,Marketing
Nicolebury,24,76294.02,Sales
Crystalfurt,28,73965.22,Sales
South Laura,43,83711.54,Marketing
New Johnnystad,27,81148.9,Marketing
Nicholasstad,32,70781.41,Engineering
North Peterfurt,24,87326.74,Finance
Herreraburgh,51,87537.58,Sales
Crystalfurt,26,42376.67,Finance
Tamarabury,33,68065.99,HR
North Scottstad,19,65322.74,Engineering
New Jeffreyville,18,52964.11,Sales
Port Meganstad,18,67216.08,HR
Duncanborough,57,64007.16,Marketing
Mitchellburgh,42,77719.27,Engineering
North Nicholasland,60,96535.17,Sales
Debraside,38,80400.53,Marketing
Davidport,44,69153.1,HR
Jenniferside,41,39605.65,Engineering
Herreraburgh,20,94730.74,Marketing
West Brandonburgh,32,71748.29,Engineering
Nicolebury,20,69127.04,Marketing
Mitchellburgh,30,75646.24,Engineering
Davidport,20,76154.76,Engineering
West Billyhaven,21,58595.35,Engineering
Butlerstad,40,72025.65,Marketing
Jodiville,52,50880.47,Engineering
North Lisafort,20,81867.09,Engineering
Smithville,31,85887.09,Engineering
West Elizabeth,38,72697.94,Sales
Jamesstad,42,84438.48,Marketing
East Michael,28,58748.21,Engineering
Lake Brandiland,19,85990.03,Sales
Montgomeryshire,39,88538.24,Sales
East Jamesburgh,26,80174.76,Marketing
Joelshire,40,93876.44,Marketing
Juliachester,46,77202.21,Engineering
Curtishaven,36,57510.63,Marketing
Hartmantown,27,73737.39,Finance
Collinsville,22,84743.78,Engineering
Russellport,60,59345.29,Engineering
Lake Jenniferborough,48,68885.74,HR
Port Roger,28,75948.97,Engineering
Lake Shannonshire,23,65030.33,Marketing
North Bruce,41,67690.81,Marketing
Joneston,37,84462.88,Marketing
South Scott,39,74908.73,Engineering
West Timothy,52,84706.48,Marketing
Port John,24,103178.29,Engineering
Damonton,29,42649.52,Finance
Johnsonshire,36,68100.01,Marketing
Rojasmouth,18,76763.84,Marketing
Lake Nancy,31,68261.6,Sales
Port Jose,22,81621.62,Sales
Port Darleneborough,57,102306.44,HR
Johnsonfort,20,99106.98,Marketing
North Heidi,36,66701.8,Engineering
West Jane,42,67094.04,Engineering
North Geraldville,63,73763.66,Marketing
Atkinsfort,58,67388.2,Marketing
Sheilastad,43,80433.9,Marketing
North Jeffrey,42,69384.99,Engineering
Greenville,23,82837.49,Engineering
East Sarah,45,67182.59,Engineering
Scottmouth,24,82317.56,Marketing
West Joshualand,40,58320.94,Finance
Port Sarahtown,32,84981.57,Engineering
Paulmouth,37,50136.04,Marketing
Port Scott,22,80506.2,Finance
Khanland,18,74015.4,Marketing
Kellyberg,38,74895.97,Marketing
South Aaronbury,51,59034.77,Marketing
West Robert,42,72273.64,Marketing
Abbottfort,20,93345.18,Marketing
Smithmouth,29,103285.16,Sales
Figueroaport,33,61769.29,Sales
North Vanessaview,31,43877.12,Sales
East Matthew,19,63948.55,Marketing
Benjaminstad,50,74657.67,Marketing
Matthewsbury,30,90039.28,Finance
Harringtonshire,42,49726.57,HR
Medinaport,60,102440.85,Engineering
North Isabel,21,77490.45,Sales
Port Jesse,50,89144.97,Engineering
New Jason,63,71164.07,Engineering
Cherryshire,21,85070.52,Sales
New Sheilastad,25,71243.16,Finance
Lisafurt,23,69241.67,Marketing
Donnaton,28,66251.25,Marketing
New Angela,19,82498.17,Engineering
Garciatown,35,54376.79,Finance
Annachester,42,76071.68,Marketing
Pamelaport,60,91605.21,Sales
Danielstad,19,83449.23,Engineering
Reidfort,27,68009.65,HR
Markburgh,32,69867.61,Sales
East Tiffany,60,84319.34,Marketing
Lake Jessica,41,49559.0,Marketing
New Scottborough,47,70727.07,Sales
North Gabrielshire,21,84215.52,Marketing
Nathantown,31,73911.66,Marketing
North David,19,76080.23,Marketing
Morrishaven,29,75133.6,Sales
Lake Bryanfurt,50,109153.96,Engineering
West Brandonburgh,58,63740.5,Engineering
Crystalfurt,18,64058.04,Engineering
Angelaland,49,64118.14,Engineering
Lake Stephanieburgh,33,93769.07,Marketing
Loganfurt,51,84653.11,Sales
Jeffreymouth,64,64900.23,Sales
Hartmantown,30,54977.53,Marketing
East Colinfort,21,87202.51,Marketing
Jacobhaven,22,67729.22,Sales
Marcshire,25,83879.29,HR
West Ashley,27,69360.65,Sales
Williamstown,42,91999.11,HR
East Ryanborough,52,57326.83,Marketing
North Alecland,22,90301.45,Sales
Loriton,29,79098.71,Marketing
Bethstad,26,71311.51,Engineering
West Timothyburgh,57,85237.81,Engineering
Jasonmouth,33,66109.89,Marketing
Figueroaport,18,87450.01,Sales
Zacharychester,21,63440.03,Marketing
Crystalland,28,80384.08,Sales
Wardchester,35,64315.05,Sales
Wilsonburgh,42,72242.1,Sales
South Heatherberg,65,84516.27,Marketing
Hollyland,20,99596.63,Sales
Sarahville,24,88539.72,Sales
North Stephanie,22,85449.81,Marketing
New Jameston,46,78663.42,Sales
Duncanborough,20,66083.21,Engineering
New Staceymouth,21,92790.11,Engineering
Bryantstad,41,102223.61,Finance
Lewischester,23,70418.34,Sales
Zacharychester,54,67949.47,Engineering
Port Joseph,38,100389.5,Engineering
Sheilastad,47,70535.79,Engineering
Jeffreymouth,51,75079.6,Marketing
South Terranceberg,20,94120.69,Marketing
Scottview,60,91828.9,Sales
North Shelleyton,44,60955.36,Sales
Port Steven,33,96844.48,Sales
West Timothyburgh,27,77367.11,Marketing
North Stephanie,21,88074.62,Sales
Juliachester,34,78370.82,Marketing
South Wayne,22,97898.2,Marketing
New Thomas,29,51996.6,Sales
Ashleyville,42,71136.38,Marketing
Blackberg,20,79808.41,Marketing
Mitchellview,20,71731.61,HR
Robertsonberg,23,94372.94,Marketing
North Donna,20,75560.05,HR
Kathryntown,21,79242.3,Engineering
East Stacey,18,61705.9,Finance
Davidport,30,53334.7,Marketing
Lake Brianaborough,54,52177.6,Marketing
North Timothy,59,87621.03,Sales
Greenfort,64,87275.34,Engineering
Benjaminton,50,119346.87,Sales
East Ryanborough,23,88540.22,Engineering
Carolynchester,45,105757.23,Engineering
Timothyport,34,64011.09,Engineering
West Cindy,31,72199.18,Marketing
Lake Lisaland,27,105287.93,Sales
Cynthiamouth,65,53439.31,Marketing
South Phillipport,22,75780.13,Engineering
Davisfurt,34,87160.15,Marketing
Scottmouth,24,57671.33,Marketing
South Thomastown,26,78815.19,Sales
Woodsfurt,29,76283.98,Engineering
Lake Eileenville,27,67275.63,Engineering
Stokesbury,46,39619.91,Marketing
Shannonfurt,18,84007.72,Marketing
Matthewshire,25,79983.05,Marketing
Katrinashire,61,79768.06,Sales
Jenniferberg,18,51351.61,Marketing
West Taylor,38,78013.31,Marketing
Kellyfort,61,88331.97,Marketing
Katieburgh,29,56938.12,Marketing
Joton,40,63426.1,Engineering
Poolemouth,31,36390.75,Sales
Robertsville,65,90143.33,Marketing
New Jason,24,62130.82,Engineering
Port Ashley,29,89420.5,Marketing
Brownhaven,64,76027.42,Marketing
Gregoryville,45,66818.94,Engineering
Michaelborough,19,72279.41,Engineering
East Sandrashire,36,81789.04,Sales
Port Jesse,43,95685.76,Sales
Shannonfurt,18,79726.28,Engineering
Charlesbury,41,63394.56,HR
South David,53,62718.45,Finance
New Michaelland,41,88842.5,Engineering
Jonesburgh,31,75368.36,Sales
Davidtown,21,76410.32,Sales
Hernandezberg,19,68180.63,Sales
South Kimchester,48,88494.05,Finance
Crystalfurt,24,84068.42,Engineering
Davidchester,34,72836.54,Engineering
North Jacob,28,64863.65,Engineering
Port Trevor,22,37304.83,Marketing
Jacobhaven,45,94023.26,Marketing
West Robert,39,83212.67,Marketing
Barbarahaven,46,52099.64,Engineering
Krystalchester,20,62933.7,HR
East Kimberly,25,79728.98,Marketing
Jodiville,34,57261.34,Finance
Lake Nancy,21,114408.65,Marketing
Collinsville,45,59956.06,Marketing
Atkinsonport,45,81543.58,Marketing
East Ryanborough,25,32837.62,Marketing
North Isabel,21,79066.04,Engineering
Tiffanyfurt,18,64502.94,Marketing
Hallshire,61,83288.91,Marketing
Cristianbury,19,82771.24,Marketing
South Brandy,34,63896.69,Engineering
South Theresachester,19,47926.42,Marketing
East Tammyshire,26,79584.81,Marketing
North Christianchester,29,51959.21,Engineering
Stokesbury,28,67643.41,Marketing
Bethstad,36,44176.01,Sales
West Billyhaven,33,62178.41,Engineering
Jacobmouth,48,80830.37,Sales
Marcshire,22,78118.4,Engineering
North Sharonburgh,21,85221.19,Sales
New Nicholas,41,99392.57,Sales
Tracyhaven,18,88482.44,Marketing
Alanshire,55,92275.4,Marketing
Lake Brian,55,84969.5,Marketing
Petersonton,23,91155.39,Engineering
West Billyhaven,64,78561.6,Marketing
Brownhaven,18,84347.63,Marketing
North Vanessaview,28,77610.27,Sales
West Jeffrey,41,81188.63,Marketing
West Timothyburgh,63,76446.12,Marketing
Butlerstad,61,105769.69,Marketing
Frenchside,27,82900.29,Sales
Harringtonshire,35,104261.99,Engineering
Timstad,48,90428.19,Engineering
New Scottborough,62,61275.25,Marketing
New Michael,59,70274.54,Marketing
Pattersonside,59,56262.92,Sales
East Tiffany,26,85110.15,Marketing
Bennettside,24,99830.88,Sales
Lake Jessicahaven,63,63662.68,Sales
North Aliciaville,33,81361.02,Marketing
East Crystal,28,110102.7,Marketing
North Aliciaville,59,61041.46,Sales
Donnaton,34,75792.73,Marketing
Davidtown,62,72692.33,Finance
East Heather,18,77778.1,Finance
Crystalfurt,22,67472.27,Marketing
Brownhaven,38,78530.56,Marketing
North Ruben,37,77634.81,Sales
Sarahville,26,95182.84,Marketing
Jenniferberg,25,68403.64,Engineering
Port Johnbury,33,63662.04,Marketing
Port Erikbury,49,67680.44,HR
Joshuahaven,63,63310.53,Engineering
Ericburgh,42,62891.63,Finance
South Lawrence,36,85357.01,Engineering
Edwinburgh,21,47250.06,Engineering
West Michealfurt,34,76658.97,Finance
Hernandezview,53,61139.98,Sales
West Billyhaven,50,85295.64,Engineering
Tonyaborough,62,73531.72,Marketing
Staffordfort,58,48024.78,Marketing
Port Erikbury,50,52431.29,Engineering
West Cindy,20,70018.59,Engineering
Lake Lisashire,21,71490.69,Engineering
Lake Bryanfurt,24,55522.15,Engineering
Lake Linda,25,75387.52,Engineering
New Davidmouth,21,57435.24,HR
North Stephanie,33,68671.01,Sales
Heatherborough,18,69685.31,Marketing
Lake Jessica,21,101067.98,Sales
North Bruce,36,59749.17,Marketing
New Nicholas,51,60123.38,Sales
North Robertfort,59,83810.85,Engineering
East Christinamouth,24,86498.85,Engineering
Katherinemouth,25,68351.55,Marketing
Stevenstad,40,93256.45,Engineering
Rebeccaton,27,68413.29,Marketing
North David,18,62118.59,Engineering
West Jeffrey,33,77129.03,Marketing
Edwinburgh,62,83498.88,Sales
South Sydney,61,80363.35,Marketing
New Mariefort,28,87510.7,Marketing
Duranview,24,72422.59,Sales
Lake Amandaview,32,93958.1,Marketing
Davishaven,18,88746.91,Marketing
Lopezton,21,62266.23,Marketing
Gregoryside,20,82319.43,Engineering
Port Paulastad,25,66664.43,Marketing
Lake Jessica,45,87959.01,Marketing
South Markland,19,68854.06,Marketing
Lake Cindy,18,65099.11,Finance
Shannonport,62,86161.25,Engineering
Port Heidi,55,56218.15,Marketing
Campbellhaven,50,78503.83,Marketing
Johnsonborough,26,61496.83,Engineering
East Deborahstad,36,49898.54,Marketing
North Jeffrey,31,79972.32,Marketing
New Johnnystad,30,65429.49,Marketing
Juliachester,34,41197.54,Engineering
Michelleland,51,97475.72,Sales
Wonghaven,46,90828.98,Marketing
Sarahland,45,53777.72,Engineering
Barrettside,35,72707.35,Sales
North Meghan,18,46718.72,Marketing
North Donna,56,106684.25,Sales
Brownhaven,43,41427.37,Marketing
Lake Jonathonfurt,18,33893.42,Sales
Lake Linda,64,69315.67,Marketing
East Gregorymouth,20,86275.55,Engineering
New Marissa,25,65107.31,Engineering
Feliciatown,32,89104.98,Finance
Port Robert,59,95281.26,Marketing
Gregoryside,21,74720.69,Finance
Marystad,27,81666.37,Engineering
Medinaport,21,65839.34,Marketing
Katherinemouth,25,60296.8,Sales
Williamstown,20,81892.0,Marketing
Reevesburgh,44,87819.63,Marketing
South David,48,44373.32,Marketing
Michaelshire,31,85602.61,Engineering
New Michaelville,36,79424.09,Marketing
Port Roberta,35,48860.22,Engineering
North Staceyhaven,41,62685.79,Marketing
West Cindy,20,78185.41,Sales
West Robert,34,69441.46,Marketing
East Peterburgh,63,87428.81,Engineering
Port Erikbury,25,82650.51,Finance
New Danielhaven,20,75442.2,Marketing
East Samantha,61,82871.2,HR
West Jeffrey,65,94772.35,Marketing
West Jane,49,72128.52,Engineering
Wheelerland,40,73716.99,Marketing
South Laura,25,82487.22,Finance
Abbottfort,51,93204.35,Sales
East Ana,33,90787.73,Sales
East Colinfort,22,104045.3,Sales
New Danielchester,20,63365.36,Sales
Lake Brandiland,49,84630.67,Marketing
West Melissaville,27,76775.27,Sales
New Gabriellefurt,39,83458.82,Engineering
North Meghan,36,85893.38,Sales
Duranview,20,79803.36,Sales
Lake Linda,41,72604.0,HR
East Anita,31,91481.2,Finance
Hernandezberg,21,75858.3,Engineering
North Timothy,46,64387.71,Marketing
Juliachester,23,57258.89,Sales
Weaverborough,35,60327.3,Marketing
East Andrea,54,72433.74,Sales
Edwinburgh,24,89039.91,Sales
Mendezville,28,77433.5,Sales
Port Matthewport,47,71176.91,Marketing
East Josephville,28,78449.11,Sales
East Danielle,58,83679.5,Sales
Timothyport,20,68068.16,Finance
Jacobmouth,25,83844.16,Marketing
North Peterfurt,50,85563.27,Marketing
Mirandaview,38,105944.2,Engineering
South Williamview,23,71644.62,Engineering
New Aaron,46,84296.21,Marketing
Cooktown,53,63651.06,Marketing
North Robertfort,36,61170.05,Marketing
Angelahaven,27,71032.75,Engineering
Anthonyburgh,57,79596.54,Engineering
Reidborough,18,87245.19,Engineering
Juliachester,21,84965.88,Engineering
North Vanessaview,33,78477.29,Marketing
West Ashley,35,49467.39,Marketing
Hernandezland,48,59838.48,Engineering
Carolynchester,35,79880.64,Engineering
North Christianchester,25,65774.81,Marketing
South Heather,38,82823.91,Sales
Latoyastad,35,106502.15,Marketing
Michelleland,26,65276.6,Engineering
Erinmouth,23,77479.0,Sales
Esparzahaven,20,47546.96,Sales
New Brandon,38,68206.03,Marketing
Amymouth,65,88117.5,Marketing
New Arielchester,25,70066.5,Marketing
Jodiville,54,68520.71,Marketing
North Geraldville,50,75215.49,Marketing
East Kristen,26,73088.18,Marketing
Quinnville,19,101757.72,Engineering
Port Robert,46,87299.64,Marketing
New Brandon,25,80989.7,HR
Benjaminhaven,52,93371.38,HR
South Joe,44,93316.54,Marketing
Darylland,26,68707.83,Marketing
Port Emilyhaven,33,89482.63,Finance
Stevenstad,28,58997.1,Finance
Jasonmouth,30,55212.86,Sales
Hunterberg,37,65861.66,Finance
Port Kimberlybury,40,53593.83,Marketing
Christinebury,48,95624.73,Engineering
Anthonyburgh,45,91356.61,Marketing
South Theresachester,59,73916.51,Finance
Tracyhaven,64,76423.01,Marketing
North Scottstad,22,71328.17,Engineering
New Johnnystad,18,93582.36,Marketing
Beckyhaven,19,68445.43,Sales
East John,20,73778.66,Engineering
North Jacob,31,80562.39,Sales
Angelaville,22,75081.6,Engineering
Leahstad,55,92312.57,Sales
Stevensside,40,76791.5,Marketing
Lake Gina,42,58190.49,Sales
Johnsonview,43,95821.86,Engineering
Angelaland,27,62313.2,Engineering
East Patrick,34,113865.73,Sales
Jimfurt,31,83652.2,Marketing
Smithview,21,83596.7,Finance
Faulknerville,45,81946.94,Sales
Lake Kellyshire,22,49829.14,Sales
New Danielhaven,23,78344.85,Marketing
Port Scott,41,47104.31,Marketing
Brentview,19,94849.85,Sales
Crystalfurt,40,47977.85,Finance
Jenniferborough,32,66899.08,Finance
Joton,20,55090.95,Sales
Lake Veronicabury,33,85409.76,Marketing
Robertsville,38,81926.31,Sales
Nancyburgh,65,91040.82,Marketing
North Jacob,50,57881.14,Marketing
New Arielchester,29,71783.24,Engineering
North Christianchester,52,96198.35,Engineering
Lake Davidburgh,34,72501.89,Marketing
Morganland,19,72997.97,Marketing
New Brandihaven,33,97960.18,Sales
Bethstad,18,87133.82,Sales
East Kristen,40,77901.02,Engineering
Port Roger,27,53203.35,Marketing
New Jameston,41,104154.63,Marketing
New Kyle,38,74067.27,Marketing
East Pattystad,22,76210.7,Marketing
New Aaron,25,86532.37,Marketing
East Rhondashire,44,75462.03,Engineering
Jacobmouth,56,89472.98,Engineering
Garciaton,21,72252.76,Engineering
Grahambury,18,55584.82,Marketing
East Sarah,36,81450.72,Marketing
Jonesburgh,23,50268.27,Marketing
New Sarahmouth,23,91999.97,Marketing
West Christinafurt,35,113383.19,Sales
Smithmouth,34,69261.38,Marketing
Emilymouth,19,69514.12,Finance
Brooksbury,39,82384.71,Marketing
North David,65,71956.66,Marketing
New Arielchester,56,72241.46,Engineering
South Rachel,49,67487.87,Marketing
East Beth,18,77343.93,Marketing
Barrettside,22,68824.16,Marketing
Alyssachester,21,80004.33,Engineering
North Isabel,21,61898.97,Engineering
North John,54,68180.0,Marketing
West Marc,60,84625.09,Sales
Faulknerville,24,100887.93,Marketing
Port Heidi,30,99606.51,Finance
Kaitlynfurt,65,71165.32,Sales
Thomasborough,31,88708.03,Sales
Sarahland,28,81198.46,Sales
West Patrickton,28,77703.64,Marketing
Charlesbury,21,63114.02,Marketing
South Lawrence,23,56107.96,Engineering
East Heather,39,83605.75,Sales
Port Andrew,19,81042.19,Marketing
New Brittany,48,89084.23,Engineering
West Jane,51,63049.08,HR
Tiffanybury,40,64673.91,Engineering
West Melissaville,64,53988.03,Marketing
Timstad,43,69253.78,Engineering
East Matthew,23,103064.01,Marketing
Natashafort,43,61032.49,Marketing
West Joseph,36,79427.1,Engineering
North Meghan,57,71843.58,Engineering
South Tonyamouth,21,57364.4,Engineering
Ramirezville,27,69207.2,Marketing
Melissaland,38,76295.62,Marketing
Paulmouth,52,73522.86,Engineering
South Tonyamouth,20,65453.93,Sales
Morsefort,53,79077.97,Marketing
Lake Amandaview,38,73172.22,Sales
Scottmouth,43,72792.68,Sales
Tracyhaven,23,91034.1,Marketing
Weaverborough,38,54854.14,Sales
Port Maryshire,41,84677.92,Finance
Sarahside,18,60833.06,Marketing
Cherylmouth,26,60061.78,Finance
Chapmanview,24,90572.91,Marketing
Port Jennifer,63,80021.67,Sales
Ronaldtown,40,85439.92,Marketing
Port Katieberg,22,77513.07,Marketing
Woodland,28,66202.49,Marketing
Reidhaven,45,80691.79,Marketing
Marieview,61,81896.21,Engineering
New Brittany,18,75626.41,Sales
Adamshaven,18,68519.78,Engineering
North Aliciaville,24,81080.83,Engineering
New Michaelberg,30,61006.22,Sales
Lake Jonathonfurt,37,37712.24,Marketing
Port Katieberg,27,99408.06,Engineering
North Staceyhaven,18,81000.52,Engineering
Danielstad,51,66946.65,Marketing
Hollymouth,33,85757.59,Marketing
Amandaborough,41,75448.84,Marketing
New Darrell,20,66387.31,Sales
Heatherview,59,84908.81,Sales
Reidborough,21,79742.19,Engineering
Lake Lisashire,29,61629.1,Marketing
Port Jesse,23,90816.36,Engineering
Amybury,34,72681.95,Sales
South Wayne,50,70348.1,Marketing
Vasquezport,28,80010.99,Marketing
Lake Jennifermouth,34,84283.77,Marketing
South Kimchester,39,73078.15,Sales
Sanchezfort,24,94693.45,Marketing
Jenniferton,54,85600.02,Marketing
New Davidmouth,59,68910.61,Sales
Angelaville,20,68023.51,Marketing
Medinaport,20,85746.31,Marketing
Brentview,21,81732.79,Engineering
New Danielchester,50,77293.01,Finance
Greenfort,18,57575.41,Marketing
Port Joseph,35,64667.48,Marketing
North Claudia,22,110706.81,Marketing
Johnton,32,91941.2,Sales
East Kimberlyborough,24,99515.55,Engineering
West Amyfort,18,69821.03,HR
Lake Kevinside,38,56605.34,Sales
East Marymouth,18,64632.82,Marketing
East David,19,109290.97,HR
North Aliciaville,23,62226.19,Marketing
Miguelville,38,83541.91,Marketing
Port Ashley,40,91714.96,Marketing
Hallshire,22,94753.32,HR
Mckeeton,22,84689.17,Marketing
Matthewton,18,92075.44,Sales
Paulmouth,61,47330.28,Marketing
North Travis,36,82677.33,Marketing
South Wayne,25,83548.21,Engineering
Barbarahaven,36,86741.99,Marketing
Woodland,35,87375.11,Sales
Beckyhaven,19,100587.58,Marketing
South Joannaside,24,88340.4,Marketing
Lake Earl,57,93929.29,Engineering
Sanchezburgh,19,74896.35,Marketing
Payneborough,19,48533.88,Marketing
Conwayville,57,91365.86,Marketing
Amandaborough,25,89400.1,Sales
New Jeffreyville,22,78269.11,Marketing
East David,52,88823.79,Marketing
Scottview,18,109847.26,Marketing
Port Ashley,40,59749.6,Sales
Sarahland,19,53447.72,Marketing
East Stacey,61,93747.71,Sales
North Staceyhaven,18,66360.58,Marketing
North Faithmouth,58,91402.21,Sales
East John,30,59361.24,Marketing
Lake Paul,47,74310.02,Marketing
Davidsonview,51,67567.92,Engineering
Johnsonborough,47,50846.94,Engineering
Lake Johnshire,31,82162.24,Engineering
West Chad,40,57153.23,Marketing
East Christinamouth,24,83371.61,Marketing
New Kristen,20,66802.82,Sales
North Faithmouth,45,76003.05,Marketing
Alexanderview,27,58421.8,Sales
West Christinafurt,27,75943.89,Sales
North Donna,48,76798.44,Engineering
Krystalchester,39,82937.19,Sales
Caintown,18,59194.72,Engineering
East Ana,21,101834.79,Marketing
New Staceymouth,52,75005.72,Marketing
New Kristina,32,58675.26,Marketing
Willieville,19,84317.46,Engineering
Sanchezfort,22,56361.1,Marketing
Phyllisport,40,76931.85,Finance
Lake Gina,51,87747.65,Marketing
Paulmouth,36,76783.37,Engineering
Andersonmouth,36,44600.45,Sales
Port Katieberg,48,54040.78,Engineering
Amymouth,62,57656.52,Sales
South Steven,21,54119.44,Marketing
New Rebecca,29,51679.35,Sales
Williamsview,55,76079.41,Marketing
Sarahland,63,85082.6,Engineering
East Pattystad,48,81733.11,Engineering
North Bruce,24,72545.22,Sales
Shannonport,45,76222.74,Marketing
Lake Earl,51,68715.01,Marketing
Sarahside,19,83602.0,Engineering
North Jeffrey,64,91900.68,Sales
West Andrew,27,78392.89,Engineering
South Spencer,19,73185.29,Marketing
North Timothy,41,66345.92,Marketing
Port Tylertown,37,32600.23,Sales
Jenniferside,60,74263.76,Finance
Fuentesmouth,62,66655.54,Marketing
North Scottborough,20,68797.15,Sales
Catherineland,34,60936.93,Marketing
Jacobhaven,33,77812.64,Marketing
Port Matthewport,37,75650.52,Marketing
Ericberg,19,92362.25,Engineering
New Heather,20,74461.69,Sales
Angelaville,60,100851.37,Marketing
South Williamview,34,44650.98,Marketing
Elliottborough,38,82382.15,Engineering
Timothybury,56,81499.66,Marketing
Margaretview,31,78676.74,Engineering
North Faithmouth,18,113160.33,Marketing
Smithview,30,81125.07,Finance
New Brianna,35,60408.51,Sales
East Kimberly,50,49145.37,Marketing
North Meghan,57,63290.56,Marketing
Lindseyfurt,36,83065.27,Engineering
East Kelly,45,70719.27,Engineering
Hilltown,25,61393.97,Engineering
Silvamouth,24,100398.7,Engineering
New Heather,20,84315.8,Sales
Lisafurt,51,55865.45,Marketing
Vasquezport,62,78060.41,Marketing
Lake Jenniferborough,21,40759.24,Marketing
Port Holly,35,74773.2,Sales
Port Debra,55,63951.95,Marketing
Feliciatown,33,61757.85,Sales
Port Jesse,46,75246.68,Engineering
New Aaron,43,46828.81,Engineering
Robertsonberg,35,71845.97,Sales
Port Jennifer,55,74103.06,Engineering
East Michael,65,86934.63,Marketing
New Rebecca,37,86303.58,Marketing
Joneston,55,72048.57,Marketing
Kellyfort,20,97726.01,Marketing
East Heather,35,73090.63,Marketing
East Danielle,20,85571.19,Marketing
East Stacey,30,98047.47,Marketing
Leefurt,42,101905.75,Marketing
Davidton,31,74551.57,HR
Michaelmouth,30,69977.82,Sales
North Marie,40,74973.71,Marketing
East Caitlintown,25,70634.4,Marketing
South Elizabeth,36,73795.93,Marketing
Port Katieberg,59,103499.98,Marketing
Ericburgh,45,85403.03,Finance
Lake Linda,21,65260.98,Engineering
Timothybury,21,80016.17,Marketing
Reidfort,31,92087.53,Marketing
Sarahville,34,65717.99,Marketing
Stanleystad,48,56832.57,Engineering
Russellport,44,56041.76,Marketing
Port Beth,49,83935.19,Sales
Johnnyland,21,94857.89,Marketing
Lake Lisabury,43,36171.17,Marketing
New Darrell,27,81777.95,Engineering
Michaelmouth,53,84687.98,Marketing
East Jamesburgh,36,89616.19,Engineering
Cherylmouth,48,65808.26,Marketing
Juliachester,22,93224.75,Marketing
Lindseyfurt,44,58229.84,Engineering
Shannonfurt,25,87175.96,Marketing
Figueroaport,35,72924.82,Marketing
West Amyfort,50,89303.57,Engineering
East Davidport,23,80458.28,Marketing
Tiffanyfurt,25,50918.48,Engineering
New Jeffreyville,19,78267.23,Engineering
Miguelville,31,81087.7,Marketing
Williamstad,55,79773.39,Marketing
Juliachester,46,56500.34,Marketing
South Joannaside,36,90237.74,Marketing
Poolemouth,29,102036.25,Marketing
Marcusmouth,42,77904.29,Engineering
South Spencer,36,70633.27,Engineering
South Kimchester,40,106826.55,Engineering
Sarahside,26,90591.44,Marketing
Jimfurt,18,83206.24,Engineering
East Jamesburgh,55,74649.98,Sales
Danielview,27,69374.36,Marketing
Kellyberg,29,99381.13,Engineering
North Diane,21,91486.26,Marketing
Websterview,57,54413.42,Engineering
Williamstad,23,87837.9,Marketing
Timstad,38,104911.74,Engineering
Port Matthewport,28,92544.26,Marketing
Woodland,64,48239.27,Engineering
New Katherine,21,74293.25,Marketing
Martinezfurt,19,81610.59,Sales
Alanside,29,81477.39,HR
Tracyhaven,38,86270.95,Sales
Angelaland,60,99419.0,Sales
East Kathryn,44,72140.58,Marketing
Conwayville,18,44430.87,Engineering
West Robertstad,38,75115.71,HR
Rebeccaton,45,70502.38,Marketing
East Kathryn,38,73111.95,Engineering
Wilsonburgh,38,61683.38,Sales
South Spencer,25,53938.51,Sales
Phillipland,49,72999.48,Marketing
Smithmouth,22,78150.68,Sales
Reidborough,43,59050.89,Finance
Bethstad,45,46148.56,HR
Davidsonfurt,21,42017.37,Sales
Port Robert,34,83158.7,Engineering
North Meghan,58,63853.35,Sales
New Rebecca,26,91033.61,Sales
Carolland,18,102226.29,Marketing
Scottmouth,19,91067.41,Marketing
New Billy,45,41760.38,Engineering
New Arielchester,36,80828.6,Sales
Lake Sharon,33,61567.73,Engineering
Zacharychester,39,69449.8,Sales
Bruceshire,34,67438.57,Marketing
Brownburgh,33,85394.96,Engineering
Colemanland,18,53220.42,Marketing
Port Shaunfurt,18,79959.55,Sales
Lucasburgh,19,84690.61,Engineering
East Josephville,29,68880.2,Sales
East Kristi,23,69880.39,Marketing
Davisville,36,101985.43,Marketing
North Lisafort,49,45772.81,Sales
West Billyhaven,24,42647.72,Sales
Bartlettville,52,84435.16,Marketing
Johnnyland,21,97876.09,Finance
East Matthew,55,91335.76,Sales
Lake Stephanie,47,68623.4,Marketing
East David,50,83008.47,Marketing
Mooreborough,33,66608.16,Sales
New Theresa,32,30000.0,Engineering
Paulmouth,22,69033.3,Finance
Jonesborough,61,69114.57,Engineering
Lake Shannonshire,18,37004.43,Finance
Lake Todd,62,86631.28,Marketing
South Williamview,44,76610.46,Marketing
Lake Linda,48,62852.36,Engineering
New Billy,19,69817.72,Marketing
Richardfort,64,74835.9,Finance
Katieburgh,46,81502.45,Engineering
Lake Brendan,48,82943.45,Sales
Jasonmouth,44,52886.89,Marketing
Crystalland,30,62155.07,Sales
South Lawrence,60,74039.48,Finance
Markhaven,27,75038.7,Marketing
North Edwardchester,54,78282.84,Marketing
Tracyhaven,39,75663.71,Marketing
Lindseyfurt,29,54883.96,Engineering
Jamiefurt,59,86751.63,Marketing
North Ruben,37,64668.98,HR
Monicabury,29,71708.61,Engineering
New Joseph,22,69976.71,Sales
Vasquezport,42,68342.44,Marketing
Smithview,30,90624.28,Sales
Stanleystad,20,77328.54,Sales
Seanburgh,23,81551.6,Marketing
Lake Stephanie,35,72260.16,Sales
Barrettside,19,96769.13,Marketing
Port Meganstad,57,80372.2,Engineering
West Marc,37,65066.24,Sales
South Valerieland,20,52177.46,Marketing
North Anne,21,45262.87,Finance
Markhaven,54,77356.99,Sales
Hickshaven,21,84559.74,Engineering
Montgomeryport,29,70666.1,Marketing
New Joseph,30,74034.97,Marketing
Miguelville,18,64575.97,HR
Davisville,21,57474.55,Engineering
East Kristen,25,61426.23,Engineering
Lewischester,27,90901.78,Finance
Woodsfurt,25,79275.73,Marketing
Suzannefort,36,57865.26,Engineering
Kellyberg,32,84233.27,Marketing
Port Matthewport,28,71461.1,Sales
Phammouth,53,94159.69,Engineering
Jasmineside,20,80478.61,Sales
Sarahside,21,67081.76,Marketing
Mooreview,46,63869.49,Marketing
Hallshire,36,72947.32,Marketing
Medinaport,18,73197.01,HR
Benjaminhaven,28,62543.47,Engineering
Johnsonborough,18,84221.97,Engineering
Katherinemouth,21,68596.26,HR
North Dean,36,66643.41,Engineering
South Thomastown,58,91864.79,Finance
East Michaelfurt,18,71962.87,Marketing
North Ruben,25,70018.75,Marketing
East Kelly,31,58403.05,Sales
Sanchezburgh,20,85868.68,Engineering
South Markland,27,96027.43,Sales
Websterview,37,56157.46,Engineering
Bartlettville,19,87357.07,Sales
Lake Bryanfurt,46,85631.67,Sales
East Colinfort,19,76321.86,Sales
Kimberlystad,20,64144.21,Finance
Hunterberg,37,94258.0,Sales
Lake Linda,29,82555.54,HR
Wilsonburgh,42,56825.12,Sales
Benjaminhaven,53,61397.73,Engineering
New Scottborough,23,64353.07,Marketing
Lake Danielle,38,87307.02,Engineering
Lake Stephanie,19,58961.5,Marketing
South Jimmy,58,93389.07,Engineering
Nicholasstad,56,77554.43,Marketing
Thomasport,33,86512.59,Engineering
West Joshualand,23,78350.4,Sales
Lake Ashleyfurt,35,77380.58,Marketing
Jenniferfort,22,63734.31,Marketing
East Lindseymouth,19,64646.54,Marketing
South Susan,20,90056.58,Engineering
Lake Ashleyfurt,36,69345.51,Marketing
Gilesland,26,79739.41,Engineering
South Barry,31,85475.55,Engineering
Leahstad,54,51908.25,Marketing
East Davidport,36,72862.23,Marketing
Bruceshire,30,53188.96,Sales
Evansborough,41,78616.42,HR
Danielstad,41,82781.41,Marketing
South Valerieland,18,95544.77,HR
Angelaland,18,84175.38,Sales
North Gabrielport,32,64946.71,Engineering
Calebmouth,20,95973.02,Marketing
Phillipland,31,76878.82,Marketing
Reevesburgh,18,64760.25,Marketing
New Joseph,47,67864.38,Marketing
Jeffreymouth,25,56112.42,Sales
East Samantha,49,50638.59,Sales
North Scottstad,29,57540.52,Engineering
Lake Jenniferborough,65,68773.38,Engineering
Michaelmouth,39,99345.93,Engineering
Kelleytown,39,83900.96,Sales
Lake Brendan,62,95378.06,Marketing
Lake Amandaview,54,98707.33,Sales
East Davidport,31,77775.57,Sales
Maxwellfurt,24,73449.52,Engineering
Bartlettville,42,72629.24,Sales
Port Erikbury,23,81898.5,Sales
South Spencer,30,72357.26,Marketing
West Robert,20,94708.88,Engineering
Santosborough,19,93765.4,Marketing
South Jasonland,27,102341.98,Marketing
Paulmouth,54,75051.68,Engineering
West Chad,51,83841.16,Sales
Hartmantown,19,63460.07,Engineering
Port Trevor,52,64456.87,Marketing
Amybury,32,59998.1,Engineering
Makaylaberg,18,66048.02,Engineering
Wardchester,39,81390.98,Sales
Dawnberg,35,84989.38,Marketing
Latoyastad,22,72789.2,Marketing
Lake Sharon,60,78441.1,Engineering
Port Timothy,26,62419.19,Marketing
Port Melissaburgh,18,60420.88,Marketing
Lake Alan,29,89582.63,Marketing
New Markville,40,69884.76,Engineering
Port Cheryl,40,81354.31,HR
North Erinfort,25,49475.45,Engineering
Shannonport,55,76223.12,HR
New Markville,23,77695.93,Marketing
Williamstown,37,52979.25,Engineering
Jonesburgh,21,68930.51,Sales
Teresashire,34,66742.52,Sales
Port Scott,40,68316.86,Sales
Woodland,26,79672.69,Marketing
Port Sarahtown,41,69154.18,Marketing
Silvamouth,25,71429.14,Marketing
New Mariefort,42,80662.12,Marketing
Jonesstad,26,69291.16,Engineering
New Johnnystad,18,76650.96,Engineering
Brooksbury,18,57227.32,Finance
East Kimberlyburgh,47,90454.62,Marketing
Brooksbury,45,89680.94,Marketing
North Robertfort,52,77961.92,Sales
Port Ryanstad,24,73703.39,Sales
Paulmouth,33,79371.53,Marketing
Pamelaport,23,70032.42,Sales
Hernandezview,19,73806.5,Marketing
Reevesburgh,43,115365.42,Sales
South Wayne,18,77537.38,Sales
Jimfurt,64,72483.61,Sales
New Angela,26,80632.19,Engineering
Martinfurt,45,68482.85,Engineering
Curtishaven,49,77068.58,Marketing
Flynnshire,64,88288.7,Finance
Cynthiamouth,51,83210.1,Sales
Hernandezview,18,80055.51,Marketing
Santosborough,23,79172.16,Marketing
Crystalland,31,57395.77,Finance
Crystalland,18,97055.79,Marketing
New Brianna,31,61237.34,Engineering
New Kristina,37,78623.29,Marketing
Jeffreymouth,26,58738.12,Engineering
East Marymouth,35,78357.11,Marketing
Carolynchester,62,55185.68,Engineering
Kimberlystad,37,68007.93,Sales
Sarahland,26,62627.35,Marketing
Lake Lisashire,21,47546.35,Marketing
Mendezville,62,49255.48,Sales
Elliottborough,45,61900.22,Marketing
Weaverborough,42,68294.34,Engineering
Transtad,46,92417.65,Marketing
Calebmouth,47,84803.85,Marketing
New Jeffreyville,38,55671.97,HR
West David,29,78862.6,Sales
North Joshua,62,71072.4,Marketing
Pattersonside,22,55627.96,Marketing
East Matthew,19,114704.55,Sales
Matthewville,30,58195.95,Sales
Willieville,56,79743.41,Marketing
Pamelaport,45,96163.01,Marketing
Davidstad,64,90390.43,Marketing
East Andrea,48,44009.67,Engineering
Cooperfort,32,94581.09,Engineering
East Billychester,30,87611.31,Marketing
Amandaborough,33,69165.51,Engineering
Benjaminstad,22,79435.5,HR
East Deborahstad,32,77837.03,Engineering
Freemanmouth,21,90963.5,Sales
Ronaldtown,36,89510.25,HR
New Thomas,31,70261.11,Sales
Aimeefort,20,74888.78,Marketing
Frenchside,22,69647.58,Marketing
Calebmouth,65,50378.7,Finance
East Danielle,18,70463.32,Marketing
Kelleytown,31,76935.99,Engineering
Reidhaven,31,52332.66,Engineering
South Brandy,27,76401.14,Engineering
South Theresachester,37,70259.18,Engineering
East Marymouth,54,67869.83,Engineering
East Danielle,44,88256.94,Marketing
East Angela,62,91530.57,Finance
Barbarahaven,21,101541.29,Sales
Brownhaven,23,90771.47,Sales
East Deborahstad,28,84982.86,Marketing
Reidborough,35,66181.52,Sales
Port Morgan,26,71330.74,Sales
Lake Kaitlinport,19,84216.9,HR
North Ruben,21,105856.88,Engineering
East Christinamouth,26,59340.71,Engineering
West Melissaville,34,58811.1,Marketing
Zacharychester,25,68882.35,Marketing
Staffordfort,24,92223.53,Marketing
Port Joseph,41,63065.89,Marketing
Alyssachester,59,71597.82,Sales
New Jeremiah,53,87496.48,Engineering
East Anamouth,40,81624.7,Marketing
Heatherview,59,76167.2,Engineering
Cooktown,62,76864.48,Marketing
Griffinland,36,86821.38,HR
Damonton,33,84682.88,Sales
Jonesborough,24,78251.43,Sales
North David,32,69537.68,Marketing
South Wayne,46,83496.43,Engineering
Richardside,51,65798.34,Sales
Angelahaven,20,98832.34,Engineering
North Donna,21,55749.99,Marketing
New Arielchester,40,67311.49,Engineering
Colemanland,35,70617.42,Engineering
Port Darleneborough,20,77094.6,Marketing
Lake Amandaview,62,98903.18,Marketing
East Andrea,64,65247.42,Finance
East Sandrashire,32,104517.03,Sales
North Sarahshire,55,68192.0,Engineering
Beckyhaven,18,64707.44,Engineering
Tammyport,40,78249.23,Marketing
New Michaelville,44,43751.17,Engineering
Reidhaven,22,62332.94,Marketing
Ericburgh,55,63979.82,Marketing
Phammouth,31,82500.35,Sales
Stevenstad,26,91647.33,Sales
Dorseyberg,46,90113.96,Marketing
South Taylor,35,61115.14,Engineering
Margaretview,29,58075.32,Marketing
Hallshire,19,71934.82,Engineering
New Markville,45,75686.76,Marketing
New Andrew,22,77983.46,Sales
Davishaven,21,87119.6,Marketing
Port Holly,20,68447.76,Marketing
South Kimchester,38,102969.82,Marketing
New Jessica,33,67869.58,Engineering
West Jeffrey,18,65478.21,Engineering
Port Jennifer,40,44481.25,Marketing
Reidfort,39,74777.65,Marketing
Port Debra,39,116142.41,Engineering
South Thomastown,39,71050.98,Marketing
West Robert,23,89481.71,Sales
Tammyport,43,86465.59,Finance
East Colinfort,38,64783.08,Sales
Jenniferton,18,65748.85,Sales
Kathryntown,34,83965.28,Marketing
West Taylor,26,90905.9,Marketing
North Aliciaville,49,62044.77,Engineering
North Alecland,59,61952.85,Marketing
Quinnville,42,60697.93,Sales
Timothyport,26,76460.1,Engineering
East Heather,43,73028.95,Sales
North Ruben,42,78773.79,Marketing
Lorettachester,56,74812.42,HR
Lake Linda,59,83418.81,Marketing
East Rhondashire,31,53757.72,Sales
North Jacob,23,75276.16,Engineering
New Derekview,62,67691.64,Marketing
Willieville,39,84293.51,Sales
North Marie,55,104106.87,Marketing
New Johnnystad,45,48611.29,Sales
South Brandy,31,84289.08,Sales
New Theresa,25,58568.34,Marketing
Estesport,23,74100.27,Marketing
North Sarahshire,37,75528.32,Sales
East David,36,78901.2,Marketing
New Jameston,38,77972.1,Marketing
Garciaton,33,73896.65,Marketing
Ashleyville,29,100193.01,Marketing
Mitchellburgh,48,78459.05,Marketing
North David,30,59883.86,Marketing
Savannahbury,27,84381.65,Engineering
Lake Jessicamouth,28,84791.71,Engineering
South Terranceberg,45,80390.27,Sales
Rojasmouth,43,95397.01,Finance
North Gabrielshire,22,83885.96,Marketing
Latoyastad,36,68665.88,Engineering
Port Cheryl,29,70505.53,Sales
Robertsonberg,18,90943.64,Marketing
Darylland,57,83039.61,Sales
Cooperfort,22,73439.76,Sales
Leebury,25,66133.44,HR
Port Holly,48,92430.03,Marketing
New Anneborough,37,69061.65,Marketing
Port Debra,34,97023.31,Marketing
East Michael,31,86868.52,Finance
Joelshire,22,70103.86,Engineering
Lake Kevinside,45,78786.95,Sales
Lewischester,20,84514.66,Engineering
New Brittany,42,75162.92,Marketing
North Bradley,34,67072.17,HR
Russellton,37,69825.85,Marketing
Gutierrezshire,62,78655.36,Finance
West Robertstad,44,90771.05,Sales
Timstad,39,65066.83,HR
West Cindy,40,87034.59,Marketing
Port Joseph,29,86679.31,Engineering
New Angela,39,94165.45,Marketing
Seanmouth,19,67891.46,HR
Port John,25,89492.01,Sales
Dianahaven,23,44371.5,Marketing
East Christinamouth,32,68253.37,Sales
Markhaven,29,76698.39,Marketing
Leahstad,60,50636.84,Engineering
New Staceymouth,65,71624.31,Engineering
East David,36,84684.0,Engineering
East Davidport,38,79718.4,Sales
Danielstad,24,97750.05,Marketing
Timothybury,29,45979.35,Marketing
East Philipville,56,73053.71,Marketing
Beckyhaven,19,69159.03,Finance
New Michaelville,34,69154.66,Marketing
Port Joseph,50,69787.9,Sales
Cooktown,28,72476.06,Engineering
Collinsville,20,69312.89,Marketing
Lucasmouth,26,65390.55,Marketing
Butlerstad,65,78171.62,Finance
Lake Todd,23,80504.74,HR
Port Mark,51,91179.79,Engineering
Leahstad,49,91546.8,HR
Johnsonfort,24,95127.79,HR
New Gabriellefurt,65,82501.07,HR
West Billyhaven,24,79473.81,Engineering
Gilesland,18,84158.35,Sales
Angelaville,51,98814.91,Sales
Hernandezberg,37,62158.76,Engineering
South Andrea,24,85884.34,Marketing
Youngland,33,66284.89,Marketing
Freemanmouth,57,67732.87,Marketing
South Aaronbury,53,72458.84,Sales
Port Jenniferbury,57,120000.0,Marketing
Port Paulastad,31,78609.97,Marketing
Darylland,43,59407.8,Marketing
Mooreview,60,81867.31,Engineering
Timstad,37,76659.43,Engineering
East Peterburgh,21,87135.13,Marketing
New Michael,22,64885.57,Sales
Hunterberg,47,72189.2,Sales
West Ashley,33,71050.32,Sales
Garciatown,25,67371.91,Marketing
Russellport,23,80304.91,Sales
Amybury,36,86364.47,Sales
Lake Kellyshire,27,55945.22,Marketing
New Robertchester,18,89943.12,Engineering
Lake Jessica,37,77725.77,Marketing
Elliottborough,32,52679.57,Engineering
East Josephville,38,91000.93,Sales
Ericberg,26,72478.57,Marketing
New Kristen,61,63300.07,Marketing
Rodriguezberg,51,85621.35,HR
West Robertstad,42,72421.07,Marketing
Port Tylertown,35,65017.48,Marketing
West Chad,18,76229.46,Marketing
East Wendy,52,74215.55,Sales
Abbottfort,32,56834.88,Sales
Johnsonview,38,86566.1,Engineering
Timothybury,19,89593.8,Marketing
Bryantstad,18,75465.09,Engineering
New Anneborough,24,63103.9,Marketing
Edwinburgh,23,83121.43,Marketing
Rodriguezberg,23,69306.78,Engineering
South Joe,27,78185.55,Sales
Michaelmouth,34,59638.52,Sales
Lake Lisabury,31,68181.48,Marketing
Tiffanyfurt,42,91915.57,Engineering
Michaelmouth,40,77561.36,Engineering
Joneston,31,102959.55,Sales
North Katie,20,76077.59,Sales
Gregoryside,39,77317.25,Engineering
Anthonyburgh,37,82741.29,Marketing
Port Jennifer,20,70865.08,Marketing
New Andrew,54,60234.54,Finance
Lake Linda,21,52575.57,Sales
East Josephville,25,85140.43,Marketing
West Patricia,40,71637.07,HR
West Sydney,41,73637.75,Marketing
Faulknerland,22,71567.21,Sales
Evanschester,26,80626.73,Sales
Jenniferside,41,95234.02,Engineering
West Timothy,37,74279.33,Marketing
New Kristen,62,58843.79,HR
New Angela,27,97732.69,HR
Lake Brian,20,68891.07,Sales
South Spencer,47,81259.53,Sales
Paulmouth,50,51424.49,Marketing
New Theresa,28,61967.01,Marketing
Freemanmouth,65,75382.06,Marketing
Port Johnbury,46,60831.55,Marketing
New Gabriellefurt,58,70093.11,Engineering
East Kristi,33,85278.71,Marketing
East Steven,49,70448.56,Engineering
Annachester,51,64573.11,Sales
Seanburgh,61,80096.26,Engineering
Lake Brian,56,79947.12,Marketing
Ronaldtown,65,80145.39,Engineering
Brendachester,36,38433.44,Engineering
South Kimchester,57,62127.26,Engineering
Lake Kellyshire,26,51975.59,Sales
Lake Earl,44,65019.73,Marketing
New Heather,36,80218.37,Sales
Lake Sharon,36,99288.22,Marketing
Curtishaven,41,78483.45,Marketing
Jenniferborough,54,59812.55,Marketing
Buchananburgh,56,64167.98,HR
Ashleyville,31,68121.89,Marketing
North Isabel,26,71408.12,Finance
Lake Kathryn,27,55883.64,Engineering
North Shannontown,38,80687.96,Sales
Johnnyland,37,65602.92,Marketing
Hollyland,26,64992.47,Sales
Leebury,30,75271.33,Sales
Reevesburgh,36,71031.79,Marketing
Port Roberta,22,76414.03,Sales
East Ryanborough,28,81446.62,Finance
Mckeeton,20,59058.65,Engineering
Stokesbury,65,78885.35,Sales
New Mariefort,26,53752.55,Engineering
Port Heidi,19,102509.11,Engineering
Danielview,24,86444.08,Sales
Guzmanland,18,95084.92,Engineering
Kimberlystad,30,93436.67,Finance
Roseside,20,69130.7,Engineering
Reidfort,28,53710.28,Sales
Greenville,30,63662.52,Sales
Lake Wendyton,22,80738.3,Engineering
Lake Kaitlinport,56,85197.08,Engineering
New Derekview,35,92894.8,Finance
South Heatherberg,21,30000.0,HR
Figueroaport,30,77281.44,Sales
Andersonmouth,18,96884.16,Sales
South Natashafurt,46,71684.36,Engineering
North Dean,48,74824.86,Marketing
Kellyfort,20,71324.47,Marketing
Davidstad,32,83893.61,Marketing
Briannaborough,18,91686.99,Engineering
Wagnerview,19,64482.3,Engineering
Jeffreyburgh,25,94099.85,Marketing
Lake Tara,49,69558.37,Marketing
New Kyle,62,106773.43,Finance
